Lap,Time,Lap Time,Sector 1 Time (s),Sector 2 Time (s),Sector 3 Time (s),Top Speed (km/h),Tire Pressure (PSI),Fuel Level (%),Tire Type,Driver,Pit Stop,Pit Time (sec),Tire Pressure FL,Tire Pressure FR,Tire Pressure RL,Tire Pressure RR,Tire Temp Inner FL,Tire Temp Mid FL,Tire Temp Outer FL,Tire Temp Inner FR,Tire Temp Mid FR,Tire Temp Outer FR,Tire Temp Inner RL,Tire Temp Mid RL,Tire Temp Outer RL,Tire Temp Inner RR,Tire Temp Mid RR,Tire Temp Outer RR,Tire Wear FL,Tire Wear FR,Tire Wear RL,Tire Wear RR,Brake Temp Front,Brake Temp Rear,Brake Pressure Front,Brake Pressure Rear,Brake Bias,Oil Temp,Water Temp,Fuel Burn per Lap,Throttle Map,Engine Map Mode,ERS State of Charge,ERS Battery Temp,ERS Deploy Mode,Throttle %,Brake %,Steering Angle,Steering Correction,Lap Delta
1,0:03:31,03:31.0,74.23,74.22,63.47,233.6,29.9,97.5,Medium,E. GUERRIERI,No,,30.29,29.09,28.96,29.29,87.3,82.9,87.0,93.8,100.6,80.7,95.4,93.3,87.6,104.3,97.8,104.7,8.6,5.9,0.4,1.7,798.0,382.2,80.2,89.5,59.6,100.1,98.1,2.07,Aggressive,Safe,62.8,49.8,Medium,84.4,4.0,-39.9,0.42,-0.72
2,0:07:04,03:32.0,74.4,74.39,63.97,233.0,29.7,95.0,Medium,E. GUERRIERI,No,,30.03,29.86,28.6,29.54,105.9,101.3,93.6,88.2,95.8,90.8,91.5,94.4,81.5,85.6,84.3,107.5,8.0,6.9,9.7,3.2,785.2,437.3,102.3,66.5,57.6,95.3,86.7,1.84,Economy,Safe,51.2,40.0,High,21.2,53.7,-140.5,0.55,-1.08
3,0:10:38,03:33.0,74.8,74.63,63.9,233.8,29.6,92.5,Medium,E. GUERRIERI,No,,29.74,30.11,29.09,29.65,95.6,89.2,91.6,93.5,104.6,108.0,103.3,105.5,93.4,80.3,105.8,99.7,0.4,3.9,5.0,3.1,680.8,334.4,85.8,89.9,61.1,107.8,103.8,1.87,Economy,Quali,36.4,38.7,Medium,23.6,87.0,-162.1,-3.32,-1.31
4,0:14:09,03:31.0,74.24,74.16,63.49,230.2,29.4,90.0,Medium,E. GUERRIERI,No,,30.39,30.02,29.96,29.06,99.5,94.7,91.2,81.8,97.6,96.2,108.3,84.2,93.2,99.0,97.4,90.4,8.3,1.8,5.7,2.9,570.4,553.8,89.0,68.0,60.9,96.9,88.3,1.99,Balanced,Race,32.8,45.3,Medium,73.2,8.1,-178.2,1.67,-1.75
5,0:17:42,03:32.0,74.16,74.55,63.79,234.0,29.3,87.5,Medium,E. GUERRIERI,No,,30.33,30.49,28.67,29.22,91.0,88.8,104.3,94.4,107.3,105.4,100.2,99.2,101.1,90.8,83.4,108.4,0.6,1.6,0.5,2.7,730.0,671.4,87.2,79.1,55.9,99.2,91.9,2.0,Economy,Quali,21.5,36.5,High,51.2,6.0,74.4,4.43,1.18
6,0:21:15,03:32.0,74.5,74.47,63.65,232.6,29.1,85.0,Medium,E. GUERRIERI,No,,29.72,29.4,28.72,29.47,102.8,90.7,108.8,100.2,108.7,108.8,93.5,82.2,98.1,87.7,107.5,101.5,0.8,1.5,2.6,2.0,476.7,410.1,93.4,84.9,55.3,95.9,92.6,1.95,Balanced,Safe,35.6,44.9,High,13.9,87.0,-117.2,-2.59,-1.31
7,0:24:47,03:32.0,74.36,74.67,63.63,232.0,29.0,82.5,Medium,E. GUERRIERI,No,,30.08,29.65,29.66,29.27,91.1,104.7,104.9,91.8,107.8,107.9,90.2,81.6,95.6,98.6,108.9,90.7,2.7,5.8,4.7,3.2,645.5,414.8,99.1,65.3,59.3,97.9,89.5,2.16,Economy,Race,58.8,30.5,Low,69.5,75.1,-0.1,2.48,-1.72
8,0:28:19,03:31.0,74.06,73.98,63.39,233.3,28.8,80.0,Medium,E. GUERRIERI,No,,29.94,29.29,28.64,29.32,108.3,99.8,82.0,99.9,98.0,84.9,85.6,90.4,107.3,83.3,109.4,89.9,9.7,1.6,7.8,3.9,609.3,682.7,91.6,82.0,56.0,102.1,99.7,2.08,Balanced,Race,63.9,43.6,High,41.6,76.1,140.3,-2.89,1.74
9,0:31:52,03:33.0,74.74,74.69,63.75,233.8,28.7,77.5,Medium,E. GUERRIERI,No,,30.38,29.82,29.57,29.44,101.8,84.8,101.0,86.0,109.9,109.5,101.8,93.7,82.5,107.9,90.8,99.6,5.7,5.7,2.4,2.7,743.1,530.8,97.5,77.0,56.2,101.3,99.4,1.85,Aggressive,Quali,85.8,44.7,Medium,80.5,2.8,120.4,-1.42,-0.38
10,0:35:25,03:32.0,74.67,74.45,63.79,232.8,28.5,75.0,Medium,E. GUERRIERI,No,,29.04,29.75,28.72,28.98,101.9,91.2,95.1,86.0,108.1,101.5,81.7,109.2,104.1,107.2,81.5,90.2,7.6,6.5,2.5,5.2,631.5,415.8,108.8,90.0,57.4,94.2,96.5,2.04,Economy,Quali,66.4,36.1,High,27.1,61.7,29.5,4.18,-0.55
11,0:38:57,03:32.0,74.46,74.27,63.43,230.4,28.4,72.5,Medium,E. GUERRIERI,No,,29.25,29.24,29.53,28.77,93.7,87.0,102.2,94.3,85.4,90.9,89.1,87.2,86.7,87.9,87.0,86.1,0.9,4.4,3.7,8.6,445.2,601.1,86.8,87.8,58.2,90.7,95.5,2.18,Economy,Race,85.1,47.8,Medium,26.6,15.1,60.2,2.97,-1.93
12,0:42:30,03:33.0,74.6,74.87,63.84,233.4,28.2,70.0,Medium,E. GUERRIERI,No,,30.02,30.22,29.16,29.63,92.9,86.7,93.3,94.0,84.3,95.2,96.4,96.4,90.6,84.7,90.5,95.4,8.2,8.8,7.9,8.6,733.0,454.0,98.9,82.0,64.5,92.5,91.1,2.12,Balanced,Safe,58.9,37.8,High,93.4,97.0,131.4,1.47,0.99
13,0:46:01,03:31.0,73.82,73.93,63.36,231.6,28.1,67.5,Medium,E. GUERRIERI,No,,29.56,30.35,29.34,28.98,82.3,98.8,105.1,82.0,103.4,82.1,108.6,104.5,110.0,107.7,105.3,90.0,5.6,5.1,9.7,4.5,428.1,508.0,80.6,65.7,59.5,95.6,92.1,2.11,Aggressive,Quali,63.3,34.6,Medium,39.3,2.4,107.9,1.62,-0.45
14,0:49:34,03:32.0,74.73,74.51,63.71,231.5,27.9,65.0,Medium,E. GUERRIERI,No,,29.25,29.59,28.61,29.22,96.0,88.0,96.2,82.0,81.3,108.6,95.0,94.3,88.0,105.6,97.8,109.5,1.0,9.0,3.9,3.6,554.4,699.7,90.8,77.9,56.9,104.3,96.3,2.11,Economy,Quali,33.2,45.1,Low,41.0,36.6,-70.4,0.02,1.05
15,0:53:07,03:32.0,74.24,74.35,63.71,235.4,27.8,62.5,Medium,E. GUERRIERI,No,,29.28,30.04,29.3,28.96,82.6,97.7,86.0,92.5,109.4,93.1,106.4,85.5,105.2,109.8,87.0,108.9,9.7,3.1,0.5,7.1,583.4,341.1,85.7,66.1,61.9,102.6,87.9,2.02,Aggressive,Quali,99.2,45.6,Medium,37.3,77.3,-23.4,-2.13,-1.19
16,0:56:39,03:32.0,74.34,74.16,63.83,232.2,27.6,60.0,Medium,E. GUERRIERI,No,,29.36,29.36,28.58,29.42,105.7,93.4,97.1,80.9,98.6,102.2,96.6,82.5,102.6,99.2,81.4,83.0,4.0,0.6,5.1,4.7,492.1,389.5,98.8,73.1,55.2,101.9,99.0,1.85,Economy,Safe,21.5,30.1,Medium,3.9,18.5,178.3,0.96,0.55
17,1:00:10,03:31.0,73.95,73.95,63.55,232.6,27.5,57.5,Medium,E. GUERRIERI,No,,29.22,30.35,28.9,29.45,98.7,105.7,98.9,86.1,93.8,100.6,94.3,97.2,86.3,109.1,106.7,92.5,4.1,5.6,1.4,4.2,467.2,320.9,93.0,77.9,56.2,91.3,91.0,1.83,Aggressive,Quali,91.9,40.4,Low,23.4,75.7,-134.8,0.23,-0.13
18,1:03:42,03:32.0,74.2,74.17,63.78,235.3,27.3,55.0,Medium,E. GUERRIERI,No,,29.23,30.37,29.14,28.86,96.1,84.6,89.9,94.9,88.7,96.7,84.5,98.6,96.0,82.6,100.8,87.5,1.9,4.3,3.6,6.4,468.3,374.4,94.3,83.3,62.1,109.7,97.2,1.9,Balanced,Safe,69.3,39.5,High,51.3,54.6,90.8,1.77,1.18
19,1:07:15,03:32.0,74.4,74.61,63.92,234.6,27.2,52.5,Medium,E. GUERRIERI,No,,29.53,30.5,29.73,29.37,85.5,81.6,81.7,94.7,98.3,90.1,86.3,104.2,100.2,97.1,103.6,99.2,7.0,1.7,1.2,1.9,459.0,588.6,106.4,65.5,55.0,103.1,94.9,2.04,Aggressive,Safe,94.0,33.9,High,42.4,18.0,38.4,-4.79,-0.81
20,1:10:48,03:33.0,74.49,74.75,63.78,229.6,27.0,50.0,Medium,E. GUERRIERI,No,,29.02,29.41,29.49,29.81,93.4,104.3,107.1,99.2,91.1,98.7,90.3,81.2,91.4,94.9,93.2,80.3,5.9,4.3,3.4,7.4,674.0,637.5,104.6,68.0,56.7,99.0,85.3,2.03,Balanced,Quali,32.8,48.8,Low,43.8,0.6,31.0,0.37,-1.33
21,1:14:22,03:33.0,74.61,74.83,63.96,234.6,26.9,47.5,Medium,E. GUERRIERI,No,,29.81,30.5,28.53,28.95,93.7,85.5,98.8,95.8,100.2,93.7,100.2,89.9,91.3,82.2,107.2,89.2,0.7,7.0,2.0,7.6,748.9,501.9,95.2,77.3,60.9,90.5,95.2,2.12,Aggressive,Race,29.9,36.5,Low,79.8,75.6,-35.4,1.01,-0.74
22,1:17:55,03:33.0,74.76,74.89,63.76,233.7,26.7,45.0,Medium,E. GUERRIERI,No,,29.72,29.59,29.77,28.93,80.4,91.7,102.2,105.1,109.0,87.0,95.7,89.3,108.8,105.7,105.4,89.1,6.5,1.2,9.9,3.4,432.4,314.5,86.5,86.5,62.5,96.8,90.7,2.19,Balanced,Race,65.6,44.6,Low,37.5,51.0,7.9,2.73,0.79
23,1:21:28,03:32.0,74.4,74.39,63.72,234.7,26.6,42.5,Medium,E. GUERRIERI,No,,29.52,29.23,28.57,29.71,105.8,104.5,109.1,89.9,88.7,99.5,109.7,81.4,87.0,91.8,83.4,80.9,9.3,7.8,4.5,5.5,574.8,538.1,88.7,72.1,63.0,95.6,96.0,1.9,Balanced,Quali,89.3,47.6,High,46.9,79.9,-140.0,-4.55,-0.02
24,1:24:59,03:30.0,73.82,73.91,63.22,234.7,26.4,40.0,Medium,E. GUERRIERI,No,,29.03,30.07,29.2,29.92,103.2,105.6,100.4,103.8,97.4,101.9,92.3,100.5,89.4,86.8,96.7,93.0,9.6,0.1,9.0,2.0,508.2,601.1,83.3,70.7,59.5,102.7,104.8,1.86,Aggressive,Quali,49.6,35.9,Low,80.3,99.6,15.7,0.11,-0.24
25,1:28:31,03:32.0,74.43,74.14,63.66,235.6,26.3,37.5,Medium,E. GUERRIERI,No,,29.09,29.63,29.37,28.88,102.0,104.3,94.4,91.0,106.4,99.5,109.1,103.2,90.8,89.4,93.8,105.0,9.2,3.2,5.3,5.2,503.3,507.0,81.8,72.9,63.1,93.7,90.4,1.91,Economy,Race,73.7,33.4,High,94.8,93.6,-5.4,3.87,1.41
26,1:32:03,03:31.0,74.04,74.38,63.53,234.0,26.1,35.0,Medium,E. GUERRIERI,No,,30.12,29.12,28.71,29.73,97.3,92.7,82.9,94.9,82.1,89.5,85.7,109.7,85.2,87.3,108.0,95.3,5.7,7.1,1.5,3.4,633.0,369.7,101.5,85.0,59.0,99.5,98.0,1.87,Balanced,Safe,78.8,41.0,High,72.4,95.7,126.4,0.08,-0.67
27,1:35:35,03:32.0,74.24,74.37,63.82,230.7,26.0,32.5,Medium,E. GUERRIERI,No,,29.56,29.38,28.99,29.33,101.7,81.6,108.4,103.1,81.1,96.2,82.6,93.1,87.3,93.6,103.8,106.7,8.2,6.5,3.8,2.3,527.5,506.2,100.1,68.2,60.7,90.2,102.5,2.17,Economy,Safe,67.7,33.3,Medium,72.0,81.9,-156.9,4.66,-0.58
28,1:39:07,03:31.0,74.02,74.4,63.56,235.1,25.8,30.0,Medium,E. GUERRIERI,No,,30.25,29.78,29.49,29.82,94.6,102.1,85.3,83.3,106.5,109.0,94.2,97.9,105.5,95.2,97.4,95.7,4.1,3.0,7.8,5.4,710.2,404.7,82.4,74.8,62.0,108.7,94.9,2.1,Balanced,Race,45.2,39.4,High,65.3,29.5,-157.2,-3.03,1.88
29,1:42:39,03:31.0,74.24,73.86,63.39,229.9,25.7,27.5,Medium,E. GUERRIERI,No,,30.23,29.67,28.55,29.09,109.4,99.5,95.4,88.0,93.3,99.4,100.9,84.1,109.8,93.1,99.1,109.5,1.8,4.4,9.4,2.8,535.1,401.1,105.1,81.7,62.4,94.8,102.3,1.85,Aggressive,Race,20.7,33.8,Low,76.3,41.2,135.6,-2.48,1.69
30,1:46:12,03:33.0,74.73,74.49,64.14,232.7,30.0,100.0,Hard,T. VAUTIER,Yes,44.0,30.16,30.38,29.7,29.76,82.3,100.8,101.7,80.2,83.2,89.8,106.7,102.6,94.1,98.0,80.7,97.8,1.7,6.5,2.7,9.6,448.9,565.1,91.3,74.5,63.6,105.8,97.8,1.81,Aggressive,Race,70.3,30.0,Low,44.5,92.0,22.4,-2.43,1.49
31,1:49:44,03:31.0,74.27,73.97,63.47,235.3,29.9,97.5,Hard,T. VAUTIER,No,,29.29,29.41,29.86,28.73,98.4,86.6,105.7,81.2,87.5,107.3,102.5,93.3,84.3,82.3,86.7,100.6,4.2,3.2,0.6,9.7,480.3,670.6,80.6,82.7,56.3,95.6,89.3,1.88,Aggressive,Race,22.6,35.3,Medium,79.2,56.1,82.7,-3.54,-0.76
32,1:53:17,03:32.0,74.49,74.5,63.82,233.4,29.7,95.0,Hard,T. VAUTIER,No,,30.22,30.15,29.37,29.75,95.9,85.0,106.2,110.0,83.6,86.9,83.0,94.8,87.4,91.8,105.1,103.1,6.2,7.1,1.9,8.9,405.9,494.2,91.2,88.7,58.7,98.1,90.1,2.03,Aggressive,Race,21.4,31.3,Medium,55.9,3.2,130.8,0.55,1.63
33,1:56:48,03:30.0,73.73,73.71,63.45,234.4,29.6,92.5,Hard,T. VAUTIER,No,,29.66,30.25,29.75,29.35,91.8,94.5,109.1,99.0,87.6,98.6,84.2,91.5,108.4,85.4,102.5,104.2,9.1,7.9,8.0,4.8,757.3,666.8,84.9,73.1,64.6,105.4,91.5,2.12,Economy,Race,87.6,46.1,High,34.0,24.7,-89.6,4.33,1.61
34,2:00:19,03:31.0,74.25,74.21,63.45,232.2,29.4,90.0,Hard,T. VAUTIER,No,,30.4,29.7,29.87,29.56,86.2,109.3,95.1,93.5,91.2,85.7,80.4,92.9,104.7,109.2,100.1,107.0,0.0,6.8,7.0,5.0,408.0,362.1,104.3,82.7,59.6,90.5,88.6,2.12,Balanced,Safe,34.2,31.5,Medium,19.6,64.6,109.0,-1.95,-0.71
35,2:03:51,03:31.0,74.26,74.16,63.52,234.1,29.3,87.5,Hard,T. VAUTIER,No,,30.35,29.38,29.39,28.5,96.2,91.3,109.7,105.7,96.4,89.5,107.8,88.6,93.0,107.3,82.6,91.8,5.5,5.6,6.4,2.4,502.1,628.5,105.1,74.6,60.1,103.7,89.3,2.1,Aggressive,Safe,68.0,30.0,Low,69.1,96.9,-52.6,4.73,-1.96
36,2:07:22,03:31.0,73.98,73.8,63.28,230.8,29.1,85.0,Hard,T. VAUTIER,No,,29.17,29.46,29.2,29.97,87.7,84.4,106.3,86.5,92.9,91.8,109.5,89.0,84.6,99.2,92.7,96.5,9.4,1.6,5.4,1.3,432.8,439.5,104.2,87.4,56.3,102.5,92.0,1.99,Balanced,Quali,45.4,36.1,Low,44.3,59.4,-121.9,-0.49,-1.36
37,2:10:55,03:32.0,74.61,74.27,63.98,234.5,29.0,82.5,Hard,T. VAUTIER,No,,29.93,29.44,28.5,29.36,108.8,96.2,92.9,82.5,95.5,110.0,88.8,94.1,89.3,96.8,109.8,82.5,4.2,2.4,5.9,1.3,508.6,475.4,88.7,77.1,64.7,102.2,96.3,1.82,Aggressive,Quali,55.2,32.6,Medium,31.4,55.5,24.4,4.98,1.41
38,2:14:29,03:33.0,74.64,74.66,63.96,231.1,28.8,80.0,Hard,T. VAUTIER,No,,29.12,30.17,28.77,28.59,83.6,107.7,88.4,84.0,87.4,82.7,91.4,85.9,89.3,92.5,107.8,101.4,8.2,6.6,9.7,0.0,771.7,655.9,80.0,67.9,63.3,99.3,90.6,2.08,Aggressive,Quali,46.5,38.0,Low,80.8,77.2,14.4,-0.02,0.97
39,2:17:59,03:30.0,73.65,73.8,63.23,235.2,28.7,77.5,Hard,T. VAUTIER,No,,30.07,29.8,29.49,29.74,80.5,83.2,93.8,100.3,101.0,91.0,100.2,99.3,81.7,103.6,80.2,106.8,4.2,7.4,0.5,6.1,740.1,318.6,94.8,67.3,61.6,103.6,92.4,1.85,Balanced,Quali,87.7,48.4,Medium,100.0,92.4,80.8,1.2,1.9
40,2:21:32,03:33.0,74.58,74.78,63.9,231.3,28.5,75.0,Hard,T. VAUTIER,No,,29.77,29.32,29.37,28.73,85.2,104.0,85.3,95.7,101.2,104.7,99.6,80.9,96.5,99.8,93.9,103.0,8.8,0.3,1.6,2.4,610.7,540.0,80.4,78.1,61.3,95.7,87.5,1.88,Economy,Safe,87.6,33.5,Low,1.5,68.8,129.5,3.29,-1.67
41,2:25:04,03:31.0,74.15,74.0,63.27,233.1,28.4,72.5,Hard,T. VAUTIER,No,,29.06,30.31,28.57,29.51,102.0,96.1,99.9,84.3,90.4,96.3,84.7,85.0,100.9,109.2,90.8,96.9,0.0,3.6,0.4,8.8,415.8,365.4,83.2,69.1,63.8,90.8,104.3,2.09,Balanced,Race,76.0,37.0,Medium,99.7,31.5,-29.7,-3.17,-1.81
42,2:28:37,03:32.0,74.62,74.63,63.69,233.2,28.2,70.0,Hard,T. VAUTIER,No,,30.14,29.88,29.25,29.96,90.8,100.1,109.3,107.1,96.8,97.3,95.9,80.2,103.0,85.0,93.0,84.7,4.5,1.0,1.0,9.7,539.9,373.5,97.9,85.3,56.3,99.0,104.9,2.15,Economy,Quali,54.7,31.7,Medium,56.3,19.1,-133.6,4.56,-1.66
43,2:32:10,03:33.0,74.57,74.75,63.86,234.2,28.1,67.5,Hard,T. VAUTIER,No,,30.27,29.83,29.6,29.29,97.5,90.6,82.0,94.2,82.6,105.6,84.7,101.9,87.7,101.8,105.2,84.8,6.0,5.5,5.0,7.2,446.9,671.6,92.4,76.6,61.1,108.7,96.6,2.15,Balanced,Quali,86.8,34.4,Medium,95.3,34.3,158.3,-1.39,0.55
44,2:35:42,03:31.0,74.09,74.3,63.57,234.2,27.9,65.0,Hard,T. VAUTIER,No,,29.58,29.16,29.77,29.42,108.4,84.9,84.4,104.5,102.9,109.4,87.9,98.9,90.9,92.6,96.0,104.9,4.0,1.9,7.1,8.5,437.4,485.6,80.4,80.3,60.2,92.9,92.1,2.02,Aggressive,Race,43.8,49.0,Medium,42.6,32.5,-26.4,-3.21,-0.05
45,2:39:13,03:30.0,73.83,73.66,63.4,233.0,27.8,62.5,Hard,T. VAUTIER,No,,29.53,29.29,29.57,29.04,108.1,87.5,100.2,96.3,108.0,105.8,100.0,84.2,107.9,86.5,93.4,92.0,5.4,3.0,6.5,3.2,799.8,602.8,101.8,87.9,57.4,107.2,88.4,1.92,Aggressive,Safe,27.9,42.8,Medium,19.7,47.8,158.2,2.34,-1.05
46,2:42:45,03:31.0,74.04,74.22,63.38,230.8,27.6,60.0,Hard,T. VAUTIER,No,,29.98,29.58,29.41,29.04,90.1,108.4,106.1,95.4,92.3,91.0,88.5,86.7,82.8,86.1,87.6,98.3,2.8,1.9,9.9,5.5,429.3,442.0,102.4,68.7,56.0,94.9,103.0,1.97,Economy,Quali,62.9,34.5,Low,44.1,17.2,-152.3,3.18,-1.37
47,2:46:16,03:31.0,73.96,73.91,63.7,231.0,27.5,57.5,Hard,T. VAUTIER,No,,29.44,30.18,29.57,29.25,81.2,81.9,98.9,106.5,96.7,95.9,92.5,94.1,91.1,100.7,99.1,99.0,9.6,4.3,6.1,1.1,406.5,576.2,101.7,62.1,56.3,93.4,90.5,1.94,Aggressive,Safe,54.4,30.5,Medium,54.7,11.0,105.1,-2.7,-0.61
48,2:49:49,03:32.0,74.42,74.37,63.76,235.9,27.3,55.0,Hard,T. VAUTIER,No,,29.6,29.62,29.14,29.61,106.2,108.5,99.6,98.2,98.3,91.4,105.6,94.3,99.0,83.1,91.4,103.0,5.3,9.0,2.2,4.4,638.7,687.5,83.7,65.0,60.2,107.4,104.1,1.84,Balanced,Race,83.6,35.6,Medium,46.6,10.6,-147.8,1.4,-1.31
49,2:53:22,03:33.0,74.64,74.52,63.86,230.5,27.2,52.5,Hard,T. VAUTIER,No,,30.35,29.91,29.18,29.57,106.0,85.7,80.8,83.6,86.4,96.4,108.3,92.5,88.9,98.7,104.5,97.4,5.9,7.3,5.8,3.2,794.2,501.6,91.3,81.9,61.2,96.7,91.4,2.07,Aggressive,Quali,96.5,42.5,High,82.3,50.8,69.7,-1.07,1.99
50,2:56:55,03:33.0,74.89,74.41,64.12,229.7,27.0,50.0,Hard,T. VAUTIER,No,,29.5,29.27,29.42,29.86,92.1,98.7,99.6,89.9,88.8,106.3,91.5,97.4,92.4,90.5,92.8,89.3,0.2,4.7,2.0,1.1,494.0,308.9,89.4,70.7,57.2,107.8,88.9,2.15,Economy,Safe,94.3,42.0,Low,87.4,24.8,85.3,2.88,-0.06
51,3:00:28,03:33.0,74.43,74.67,64.03,229.7,26.9,47.5,Hard,T. VAUTIER,No,,30.17,29.04,28.97,28.5,102.9,91.2,92.0,93.5,90.7,93.2,92.3,106.1,101.6,107.7,84.1,86.8,7.4,4.3,5.6,2.4,798.6,518.6,94.9,80.6,58.6,91.6,101.0,1.85,Balanced,Safe,66.8,38.3,Low,33.0,48.3,164.5,-3.97,1.34
52,3:03:59,03:31.0,74.14,73.65,63.4,229.4,26.7,45.0,Hard,T. VAUTIER,No,,29.23,30.15,29.27,28.63,107.5,87.2,103.0,82.5,100.3,97.1,87.8,90.0,81.0,85.1,109.2,91.8,9.3,7.6,9.3,3.9,799.0,351.8,95.4,62.5,63.2,101.2,102.6,1.94,Aggressive,Quali,59.6,45.9,High,48.5,10.5,-154.3,2.89,-1.04
53,3:07:33,03:33.0,74.43,74.82,63.99,234.4,26.6,42.5,Hard,T. VAUTIER,No,,29.49,30.34,29.46,29.9,97.6,99.9,97.3,106.5,108.1,99.8,105.5,102.4,86.8,107.7,107.7,99.9,4.8,7.2,5.7,1.7,625.0,685.5,106.9,61.1,58.5,97.4,93.1,2.03,Aggressive,Race,32.1,30.7,Medium,85.4,96.4,104.7,-3.1,0.65
54,3:11:04,03:30.0,73.79,73.79,63.34,233.3,26.4,40.0,Hard,T. VAUTIER,No,,29.06,30.0,28.66,29.46,103.7,98.8,109.4,99.1,83.0,83.1,87.6,91.9,99.4,96.9,88.5,98.2,0.2,3.6,7.5,3.8,721.5,659.9,82.0,84.8,58.3,107.0,101.2,1.9,Aggressive,Quali,52.3,38.3,Low,73.4,38.2,128.8,-1.41,-0.6
55,3:14:35,03:31.0,73.9,74.14,63.66,235.4,26.3,37.5,Hard,T. VAUTIER,No,,29.21,29.87,29.01,29.93,102.4,91.2,80.4,91.2,106.2,95.8,104.2,90.6,103.8,83.9,98.9,92.7,9.8,2.3,5.8,9.8,714.8,415.8,88.9,89.4,62.1,108.3,103.6,2.17,Aggressive,Quali,49.9,38.7,Low,100.0,70.8,-27.3,-0.71,2.0
56,3:18:08,03:33.0,74.73,74.49,63.92,230.6,26.1,35.0,Hard,T. VAUTIER,No,,29.91,30.07,28.63,29.15,86.5,99.3,92.1,93.8,99.5,101.8,82.2,104.8,81.4,80.7,103.8,85.6,4.8,5.5,3.9,7.3,510.7,606.7,83.9,75.1,57.0,94.5,101.7,1.96,Economy,Race,39.4,40.3,Low,21.4,2.1,-124.6,-1.64,-1.9
57,3:21:41,03:33.0,74.8,74.37,63.84,233.7,26.0,32.5,Hard,T. VAUTIER,No,,30.16,29.32,28.91,29.05,83.6,84.7,86.0,109.7,91.5,82.0,107.2,99.1,95.8,88.6,97.9,88.8,2.7,3.2,5.4,4.3,658.9,464.0,105.1,63.0,56.4,106.1,92.5,1.86,Aggressive,Race,20.3,47.4,Medium,84.5,38.2,85.0,-3.18,-0.63
58,3:25:14,03:32.0,74.32,74.57,63.71,234.2,25.8,30.0,Hard,T. VAUTIER,No,,29.22,30.01,29.49,29.29,91.6,92.5,86.3,82.8,99.0,93.9,106.6,86.2,80.9,109.0,88.2,100.7,9.5,5.2,9.2,7.9,758.7,496.6,94.1,75.9,57.0,94.3,100.8,2.17,Balanced,Race,89.3,35.8,Low,10.0,35.7,-24.1,0.28,-0.96
59,3:28:45,03:30.0,73.74,73.88,63.37,232.4,25.7,27.5,Hard,T. VAUTIER,No,,30.48,29.71,29.31,29.84,88.4,84.3,104.7,94.6,99.0,106.1,107.3,82.0,105.9,89.3,93.9,98.4,3.2,4.3,4.7,7.0,478.7,455.0,92.6,65.7,63.9,90.5,85.7,1.82,Aggressive,Safe,58.3,37.8,Low,11.4,26.0,100.4,0.33,-0.66
60,3:32:18,03:32.0,74.46,74.25,63.81,233.3,25.5,25.0,Hard,T. VAUTIER,No,,30.49,29.68,29.17,29.04,104.2,107.2,106.5,99.4,96.5,99.0,95.5,94.8,97.5,108.2,95.3,106.9,3.2,7.6,9.7,1.1,749.1,588.3,108.6,88.0,62.2,103.1,96.1,2.08,Economy,Safe,52.7,41.7,High,14.4,32.5,16.1,3.85,-0.52
61,3:35:48,03:30.0,73.71,73.84,63.01,232.5,25.4,22.5,Hard,T. VAUTIER,No,,29.71,29.56,29.13,28.75,108.3,103.9,91.7,88.2,91.0,104.0,103.5,103.2,101.9,87.9,99.5,94.0,8.0,7.9,4.2,6.9,675.8,492.5,107.0,71.2,62.3,91.6,98.0,2.1,Aggressive,Safe,59.3,45.9,Low,31.0,43.3,-72.1,4.29,-0.35
62,3:39:20,03:31.0,74.28,73.9,63.62,233.5,25.2,20.0,Hard,T. VAUTIER,No,,29.78,29.81,29.42,29.92,107.1,89.8,97.5,97.5,109.9,105.5,103.4,95.2,102.7,99.9,105.1,95.6,5.4,0.5,2.0,7.6,531.7,641.9,107.4,73.6,56.3,109.9,103.6,2.19,Balanced,Quali,79.9,44.1,Medium,92.5,21.6,-119.7,2.1,-0.14
63,3:42:51,03:30.0,73.64,73.87,63.34,230.4,25.1,17.5,Hard,T. VAUTIER,No,,29.03,30.0,28.99,29.06,99.6,80.0,105.5,96.3,104.9,92.9,88.2,88.7,81.7,108.3,88.3,95.7,6.6,9.5,7.0,8.9,668.2,587.6,107.4,80.2,56.1,105.8,89.3,2.17,Balanced,Safe,40.7,45.1,Low,18.2,38.6,46.1,-2.57,-0.33
64,3:46:23,03:31.0,74.27,74.12,63.49,231.0,25.0,15.0,Hard,T. VAUTIER,No,,30.1,30.47,29.49,29.38,108.3,87.4,109.0,85.6,100.4,104.0,94.9,104.4,96.9,105.7,99.0,100.7,9.4,4.6,6.5,1.1,746.7,403.2,83.7,69.5,64.7,107.7,88.8,1.82,Aggressive,Safe,88.9,46.3,High,46.2,42.6,123.6,0.31,1.93
65,3:49:56,03:33.0,74.44,74.68,63.88,230.5,25.0,12.5,Hard,T. VAUTIER,No,,29.32,30.18,28.88,29.75,98.2,97.4,92.9,101.9,92.2,90.9,101.5,94.8,93.6,96.8,108.8,94.9,4.3,0.1,0.2,7.2,582.1,359.9,86.5,64.6,61.6,97.3,100.5,2.15,Balanced,Quali,36.4,36.6,Low,15.6,1.4,-53.0,-0.92,0.41
66,3:53:27,03:31.0,74.0,73.96,63.39,232.0,25.0,10.0,Hard,T. VAUTIER,No,,30.0,30.39,29.88,28.95,93.5,88.9,100.5,104.2,104.4,97.7,103.4,86.1,109.4,97.5,89.8,81.0,6.6,7.8,4.6,4.9,758.5,402.0,91.4,66.0,61.9,92.6,88.6,2.03,Economy,Quali,91.5,40.3,High,70.8,13.5,-117.6,0.7,-1.74
67,3:56:58,03:30.0,73.92,73.8,63.04,233.3,25.0,7.5,Hard,T. VAUTIER,No,,29.33,29.14,29.9,28.93,83.2,94.4,84.2,96.8,90.1,103.5,98.7,88.6,80.5,106.4,97.8,90.0,6.1,3.8,6.1,2.8,452.8,333.8,99.3,71.7,63.7,103.9,101.3,2.17,Balanced,Safe,96.9,36.1,High,2.9,73.1,102.5,-2.16,-0.87
68,4:00:29,03:30.0,73.85,73.93,63.14,231.5,25.0,5.0,Hard,T. VAUTIER,No,,29.49,30.18,29.1,28.93,94.7,81.0,85.9,102.1,95.5,87.2,89.8,88.7,97.5,88.7,91.0,91.6,0.8,4.8,7.0,7.2,494.0,562.2,102.9,67.5,62.6,107.1,91.8,1.85,Aggressive,Safe,32.8,48.8,Medium,24.5,62.2,38.0,3.24,-1.84
69,4:04:01,03:32.0,74.61,74.55,63.63,232.6,25.0,2.5,Hard,T. VAUTIER,No,,29.32,29.79,29.77,28.53,108.6,97.4,102.2,94.9,101.3,89.6,95.6,99.8,99.2,101.0,81.6,109.0,2.1,10.0,3.3,8.1,549.0,456.2,88.5,88.2,62.5,102.8,98.6,1.87,Balanced,Quali,49.2,44.2,Low,10.0,32.8,-130.9,0.0,0.1
70,4:07:33,03:31.0,74.02,73.83,63.29,229.9,25.0,0.0,Hard,T. VAUTIER,No,,29.5,29.19,28.88,28.85,94.1,102.6,106.1,82.9,106.5,109.7,86.8,90.6,101.2,99.6,96.0,107.5,0.6,7.5,5.3,8.7,509.2,322.4,81.6,71.0,62.2,90.0,102.6,1.96,Aggressive,Race,76.9,40.3,Medium,11.0,9.3,105.0,0.31,-0.32
71,4:11:06,03:33.0,74.71,74.78,63.75,229.6,25.0,0.0,Hard,T. VAUTIER,No,,29.5,30.37,29.16,28.53,100.5,93.0,85.8,100.0,94.7,90.8,106.8,108.2,88.8,97.2,88.5,89.9,8.9,4.0,9.2,9.6,437.8,407.0,107.9,88.1,61.0,95.5,98.0,1.92,Economy,Quali,64.0,39.8,Medium,55.1,23.3,-109.3,-4.84,-1.27
72,4:14:37,03:31.0,74.1,73.97,63.36,229.7,25.0,0.0,Hard,T. VAUTIER,No,,30.12,29.13,29.71,28.53,107.4,81.8,90.9,94.3,83.0,100.2,95.7,89.3,106.6,88.3,92.9,99.4,4.5,6.9,2.7,3.6,457.2,318.4,105.4,70.9,64.6,107.1,88.9,1.82,Balanced,Race,50.7,42.8,Low,68.8,36.1,-112.1,-0.99,-1.36
73,4:18:09,03:31.0,74.23,73.78,63.43,231.1,25.0,0.0,Hard,T. VAUTIER,No,,29.17,30.34,29.93,29.33,100.6,109.8,83.9,81.1,83.5,86.5,96.8,101.9,94.9,93.7,95.3,100.3,0.2,2.9,4.2,2.8,529.2,387.1,80.7,75.3,63.6,98.1,97.3,2.18,Economy,Safe,55.6,49.5,High,81.6,46.6,137.5,-0.18,0.92
74,4:21:41,03:32.0,74.26,74.15,63.72,230.6,25.0,0.0,Hard,T. VAUTIER,No,,29.99,29.54,28.66,29.46,81.9,104.6,81.7,102.8,81.4,80.9,89.8,104.1,98.8,88.4,97.8,88.2,6.2,2.7,6.9,2.5,698.8,674.7,105.4,66.3,60.9,108.1,104.9,1.92,Aggressive,Race,66.5,30.7,High,54.6,92.0,-169.0,2.02,-1.1
75,4:25:12,03:31.0,74.05,73.74,63.3,232.4,25.0,0.0,Hard,T. VAUTIER,No,,30.26,29.83,29.57,28.5,102.0,106.2,102.6,101.2,101.0,96.3,97.7,82.6,107.4,104.5,100.6,100.6,0.3,2.7,6.3,5.4,717.1,402.9,85.9,76.8,55.4,100.6,104.3,1.88,Economy,Safe,55.7,46.7,Low,19.5,46.0,83.8,-1.5,1.54
76,4:28:43,03:31.0,73.92,73.89,63.45,233.5,25.0,0.0,Hard,T. VAUTIER,No,,29.42,30.49,29.25,29.69,83.3,84.5,107.5,94.9,99.5,101.3,98.5,100.0,85.8,103.6,107.9,100.6,8.0,8.3,7.9,8.4,497.3,445.1,106.4,78.0,60.5,108.8,91.5,2.1,Aggressive,Safe,48.4,34.5,Medium,84.4,82.6,-128.6,1.91,-1.84
77,4:32:14,03:31.0,73.76,73.95,63.41,235.1,25.0,0.0,Hard,T. VAUTIER,No,,29.48,29.82,28.72,28.78,107.8,80.9,104.5,100.4,88.5,101.1,81.3,107.1,81.6,83.4,85.5,81.8,6.5,6.2,4.4,8.4,579.9,352.8,104.8,86.2,62.6,108.3,91.4,1.95,Economy,Quali,69.0,36.4,Low,38.4,73.6,54.3,-3.43,-0.03
78,4:35:46,03:31.0,73.8,73.79,63.62,229.3,25.0,0.0,Hard,T. VAUTIER,No,,29.5,29.32,28.7,28.83,105.0,83.5,109.6,106.1,91.9,80.1,93.6,93.0,100.5,96.7,83.6,95.6,5.5,1.5,3.0,0.6,424.1,457.7,109.6,67.9,59.1,107.8,91.7,1.97,Aggressive,Safe,46.5,48.0,Medium,85.7,27.9,20.6,0.54,-1.83
79,4:39:19,03:33.0,74.79,74.37,64.02,230.6,25.0,0.0,Hard,T. VAUTIER,No,,30.16,30.0,28.69,29.11,83.4,81.3,93.0,89.5,108.6,86.3,85.1,102.5,85.3,92.3,80.0,84.6,1.3,6.0,1.5,1.6,668.1,392.6,91.5,75.2,57.6,98.3,98.9,2.06,Aggressive,Quali,25.4,45.7,High,3.1,51.1,-47.0,1.86,0.91
80,4:42:51,03:32.0,74.15,74.3,63.56,233.6,25.0,0.0,Hard,T. VAUTIER,No,,30.12,29.02,29.93,28.88,100.2,100.9,103.0,92.4,107.5,96.3,99.2,83.4,87.8,88.3,108.4,82.3,1.5,3.7,5.4,5.5,768.1,555.8,104.1,63.0,60.5,108.8,102.7,1.85,Economy,Quali,25.5,30.1,Medium,34.4,7.8,-144.2,-2.84,0.25
81,4:46:22,03:31.0,74.13,73.94,63.55,233.8,25.0,0.0,Hard,T. VAUTIER,No,,30.37,30.15,29.01,29.6,81.5,95.1,99.8,81.9,104.1,104.6,83.7,98.3,81.9,96.4,90.3,102.1,1.4,0.1,9.4,3.8,492.5,665.2,95.9,60.2,57.7,102.3,87.6,2.04,Economy,Race,22.0,43.5,Low,69.8,39.7,-169.6,1.7,0.98
82,4:49:56,03:33.0,74.47,74.68,64.23,230.4,25.0,0.0,Hard,T. VAUTIER,No,,29.46,29.45,29.65,29.37,94.2,102.6,92.9,90.7,89.4,99.7,106.9,104.6,99.9,103.8,103.0,105.4,3.1,7.9,8.1,6.1,642.7,429.7,98.9,71.2,56.8,105.8,97.3,1.85,Economy,Race,69.0,34.5,Low,67.0,74.9,27.6,-4.89,0.37
83,4:53:27,03:30.0,73.71,73.73,63.54,231.6,25.0,0.0,Hard,T. VAUTIER,No,,29.15,30.0,28.53,29.1,89.0,80.2,82.5,85.4,101.0,99.9,80.1,96.7,91.0,97.5,95.0,89.1,1.4,2.1,7.5,1.9,692.7,516.8,86.6,75.8,59.6,102.1,88.5,2.19,Economy,Quali,60.1,31.9,Medium,2.5,35.1,-166.2,3.19,0.23
84,4:57:00,03:33.0,74.47,74.62,64.03,233.6,25.0,0.0,Hard,T. VAUTIER,No,,29.56,30.02,29.37,29.06,88.9,85.8,103.9,91.0,99.0,92.6,97.0,82.1,84.2,106.4,103.6,109.8,8.4,2.4,4.7,2.3,417.7,322.8,101.5,62.9,57.2,102.8,97.5,2.16,Economy,Race,50.8,44.3,Low,44.3,73.7,174.7,1.05,0.14
85,5:00:32,03:32.0,74.4,74.6,63.66,231.2,25.0,0.0,Hard,T. VAUTIER,No,,30.17,30.31,28.94,29.83,80.3,88.6,98.8,99.8,84.4,94.5,85.7,103.4,81.2,97.9,84.5,83.0,4.5,4.6,6.9,7.0,654.9,667.2,109.2,61.4,58.0,93.9,102.2,1.97,Balanced,Quali,66.0,45.4,Low,13.5,13.5,-49.8,-0.72,0.28
86,5:04:05,03:32.0,74.45,74.55,63.63,233.4,25.0,0.0,Hard,T. VAUTIER,No,,29.07,29.6,29.0,29.79,94.3,88.5,96.4,91.4,100.8,109.5,88.3,98.2,88.7,99.1,105.0,88.4,9.6,6.3,9.5,2.8,770.9,625.7,94.0,69.5,55.4,92.9,103.9,2.16,Economy,Quali,40.6,45.7,Medium,9.3,93.0,149.7,-0.21,-0.94
87,5:07:37,03:32.0,74.34,74.26,63.63,231.9,25.0,0.0,Hard,T. VAUTIER,No,,29.08,29.72,29.95,28.73,81.2,90.7,87.1,91.0,88.0,104.4,105.8,88.1,82.0,83.9,83.9,90.3,5.6,6.5,7.6,6.8,712.1,468.7,92.9,63.7,57.1,103.9,99.7,1.87,Aggressive,Quali,29.6,36.5,Low,84.3,14.9,79.0,0.4,0.33
88,5:11:08,03:30.0,73.74,73.87,63.19,229.8,25.0,0.0,Hard,T. VAUTIER,No,,29.3,30.43,29.4,29.09,107.1,99.1,92.1,90.6,107.1,105.6,106.1,84.3,103.1,96.6,109.8,94.7,3.8,9.5,5.7,7.7,633.1,607.4,87.8,71.9,58.0,99.5,88.4,2.08,Balanced,Safe,22.0,30.5,Medium,71.1,34.7,124.9,-2.68,1.37
89,5:14:39,03:30.0,73.67,73.92,63.08,230.6,25.0,0.0,Hard,T. VAUTIER,No,,30.0,29.81,29.29,29.13,92.5,107.7,98.2,102.8,103.1,100.6,83.7,107.5,86.0,100.0,92.7,92.6,6.1,0.1,5.5,3.0,486.2,506.8,107.4,60.6,58.8,103.7,100.3,2.01,Aggressive,Quali,78.6,46.4,High,93.9,58.7,39.0,-0.09,-0.32
90,5:18:11,03:32.0,74.39,74.51,63.59,235.7,30.0,100.0,Hard,E. GUERRIERI,Yes,46.0,30.46,30.2,29.18,29.5,80.9,109.0,92.7,92.4,98.3,84.1,96.4,107.1,108.8,85.5,97.3,91.3,2.2,2.7,5.4,4.4,681.6,516.0,93.1,88.3,56.4,96.8,97.5,2.18,Aggressive,Quali,55.7,41.6,Medium,64.6,22.4,21.7,3.94,0.06
91,5:21:44,03:32.0,74.36,74.52,63.85,229.2,29.9,97.5,Hard,E. GUERRIERI,No,,29.33,30.02,29.19,29.9,95.3,93.3,88.2,98.8,105.2,101.4,97.1,105.1,108.2,102.1,80.8,108.9,7.3,7.1,8.4,1.9,447.2,434.7,88.7,80.0,56.4,94.1,97.3,1.88,Balanced,Quali,76.3,30.3,High,87.5,57.5,175.8,-0.28,0.53
92,5:25:18,03:33.0,74.85,74.55,64.09,233.3,29.7,95.0,Hard,E. GUERRIERI,No,,30.08,30.26,29.22,29.02,86.3,95.7,99.5,97.2,103.6,87.8,85.6,92.7,98.8,92.3,104.0,97.2,7.2,2.0,9.0,6.9,433.9,424.8,90.0,68.4,62.0,101.9,95.1,2.01,Economy,Race,52.1,32.4,Low,58.9,48.8,106.7,4.33,0.95
93,5:28:50,03:32.0,74.26,74.43,63.5,235.9,29.6,92.5,Hard,E. GUERRIERI,No,,30.41,29.11,29.14,29.48,106.6,88.6,82.3,93.5,105.1,98.1,96.4,98.6,105.4,87.9,86.0,88.3,1.3,2.1,3.6,6.1,671.1,687.1,104.2,77.9,55.1,104.3,89.0,1.92,Aggressive,Quali,60.5,33.3,Low,77.3,43.3,-9.9,3.09,1.89
94,5:32:22,03:32.0,74.51,74.18,63.65,234.5,29.4,90.0,Hard,E. GUERRIERI,No,,29.01,29.23,28.98,29.29,91.9,85.6,83.0,86.7,97.5,102.0,86.1,88.9,94.5,82.8,94.8,80.0,1.9,1.0,0.5,8.3,702.9,355.8,102.6,65.8,63.5,93.4,94.0,2.08,Balanced,Quali,71.4,30.7,Medium,92.3,77.0,9.4,3.76,-1.07
95,5:35:53,03:31.0,73.67,74.11,63.45,234.1,29.3,87.5,Hard,E. GUERRIERI,No,,30.44,29.7,28.59,28.91,92.4,104.4,105.1,88.6,88.4,85.8,96.8,104.9,88.5,87.6,90.1,103.7,0.7,7.5,6.1,1.1,655.4,693.5,86.7,79.9,59.7,95.3,104.6,2.1,Aggressive,Quali,67.4,39.8,Medium,43.0,97.3,-44.4,-2.23,0.43
96,5:39:24,03:30.0,73.78,73.67,63.27,230.4,29.1,85.0,Hard,E. GUERRIERI,No,,29.88,30.12,29.52,29.88,94.3,108.9,94.6,90.6,102.2,99.5,95.9,81.5,109.0,80.2,106.6,100.1,7.3,0.0,7.8,0.9,582.1,451.9,89.2,81.6,62.5,96.7,87.3,2.07,Balanced,Race,76.6,43.4,High,20.0,79.7,-129.5,3.89,-1.59
97,5:42:55,03:31.0,73.78,73.94,63.43,229.9,29.0,82.5,Hard,E. GUERRIERI,No,,29.12,30.42,29.11,28.93,100.4,104.8,97.7,83.7,89.5,109.8,92.2,94.9,108.1,91.1,109.8,100.7,7.8,5.0,5.7,2.8,592.0,335.2,105.4,60.6,62.9,95.3,93.8,1.9,Balanced,Safe,88.9,40.1,High,28.6,37.8,123.0,-0.34,-0.15
98,5:46:27,03:31.0,74.11,74.15,63.48,234.1,28.8,80.0,Hard,E. GUERRIERI,No,,29.09,30.29,28.56,29.93,88.5,99.7,109.7,90.2,99.7,103.4,100.1,103.0,97.0,87.7,95.9,99.7,6.6,9.4,2.8,2.8,467.6,591.9,83.5,78.6,55.9,104.1,92.1,1.85,Aggressive,Safe,76.8,39.7,High,14.0,36.7,149.4,-2.4,1.09
99,5:49:58,03:30.0,73.67,73.71,63.41,232.7,28.7,77.5,Hard,E. GUERRIERI,No,,29.77,30.12,28.63,29.25,82.3,92.5,105.0,98.9,104.6,109.5,87.2,106.7,100.8,89.3,85.1,105.9,9.5,1.3,8.2,8.4,593.8,580.9,99.0,81.0,55.2,92.9,102.5,2.17,Economy,Quali,40.0,47.0,Medium,6.1,56.8,125.8,-1.79,1.96
100,5:53:30,03:32.0,74.28,74.53,63.67,233.6,28.5,75.0,Hard,E. GUERRIERI,No,,30.49,29.44,29.63,28.54,97.2,106.2,99.4,94.2,109.7,84.2,95.9,108.4,109.7,101.0,87.6,95.9,8.2,0.5,7.0,5.5,516.8,608.3,87.7,76.7,63.5,104.6,95.3,2.07,Balanced,Race,99.0,32.6,High,86.8,4.3,25.3,4.61,-1.52
101,5:57:01,03:30.0,73.85,73.64,63.05,235.4,28.4,72.5,Hard,E. GUERRIERI,No,,29.68,29.8,29.33,29.93,86.2,91.0,83.0,82.5,109.3,108.0,84.9,90.9,83.8,103.5,106.0,108.1,7.2,2.2,4.8,7.6,574.0,618.2,106.0,66.4,60.3,106.2,101.3,1.89,Economy,Quali,84.9,46.9,High,0.8,83.3,59.6,2.59,1.88
102,6:00:33,03:32.0,74.12,74.5,63.6,233.4,28.2,70.0,Hard,E. GUERRIERI,No,,29.05,29.37,29.94,28.63,100.6,108.3,84.2,99.2,94.5,88.3,106.7,100.0,100.4,95.2,102.5,94.8,4.0,8.4,7.3,6.5,521.4,489.0,95.7,75.8,63.1,94.8,95.9,1.89,Aggressive,Race,98.5,32.5,Medium,42.6,22.7,12.8,0.2,1.77
103,6:04:05,03:31.0,74.25,73.92,63.55,233.2,28.1,67.5,Hard,E. GUERRIERI,No,,29.9,30.27,28.68,29.27,106.6,99.9,84.3,91.5,101.5,109.3,89.4,92.9,102.1,108.1,82.1,81.0,3.1,8.2,2.8,2.2,699.7,410.4,106.7,60.4,55.1,92.7,102.6,2.19,Economy,Race,28.8,37.4,Medium,99.1,49.4,57.7,0.07,-0.44
104,6:07:36,03:31.0,73.77,73.78,63.49,233.5,27.9,65.0,Hard,E. GUERRIERI,No,,29.38,29.77,29.69,28.68,86.8,102.7,83.7,86.6,100.9,95.3,94.2,102.5,107.1,89.0,98.9,102.1,1.9,9.0,5.9,9.8,791.5,452.0,90.6,79.7,56.5,105.8,100.4,1.87,Balanced,Race,40.2,43.4,High,21.5,39.0,-46.9,-3.76,0.08
105,6:11:08,03:32.0,74.59,74.15,63.79,232.3,27.8,62.5,Hard,E. GUERRIERI,No,,29.28,29.88,29.61,29.6,98.3,100.8,86.8,88.0,103.9,99.7,96.2,96.5,97.3,91.4,86.3,105.7,8.7,5.7,6.5,8.4,503.1,303.2,86.3,71.8,57.4,90.3,91.5,2.02,Economy,Safe,25.3,40.7,Medium,96.2,34.3,-34.7,2.64,0.69
106,6:14:41,03:32.0,74.49,74.59,63.85,229.2,27.6,60.0,Hard,E. GUERRIERI,No,,29.89,30.26,29.4,29.02,106.8,93.4,82.2,104.2,90.6,94.9,107.4,81.2,104.3,99.0,89.0,101.9,9.3,7.4,4.1,7.0,536.2,461.7,93.8,63.4,57.6,103.3,99.1,2.19,Balanced,Safe,88.7,31.0,Medium,69.3,48.2,-121.6,0.31,-0.52
107,6:18:12,03:30.0,73.91,73.68,63.31,229.0,27.5,57.5,Hard,E. GUERRIERI,No,,29.35,29.04,29.49,29.23,99.0,101.9,93.7,86.1,105.4,94.7,81.4,105.6,87.6,103.6,108.6,106.5,2.6,8.3,3.9,0.6,598.5,513.9,85.1,82.8,55.3,96.6,89.9,1.84,Balanced,Safe,69.8,33.6,Medium,74.2,88.0,-22.9,4.38,-0.19
108,6:21:44,03:32.0,74.19,74.49,63.67,233.7,27.3,55.0,Hard,E. GUERRIERI,No,,29.46,29.89,29.96,29.5,109.4,107.2,105.1,102.5,91.2,98.9,104.3,106.0,103.3,108.3,108.3,103.4,0.4,2.6,8.6,3.2,487.3,553.8,104.1,68.9,62.7,95.8,100.9,1.95,Economy,Safe,89.0,40.5,High,89.9,53.9,114.1,1.87,0.12
109,6:25:18,03:33.0,74.49,74.55,64.13,231.4,27.2,52.5,Hard,E. GUERRIERI,No,,30.4,29.74,29.01,28.75,100.2,88.0,82.5,80.2,82.2,102.9,99.5,100.4,88.2,104.2,109.0,97.8,3.7,1.2,6.9,5.9,564.9,696.2,97.4,88.7,61.7,94.0,92.5,2.0,Economy,Race,42.3,50.0,High,95.1,80.0,-34.3,-0.69,1.61
110,6:28:50,03:32.0,74.27,74.21,63.67,230.0,27.0,50.0,Hard,E. GUERRIERI,No,,29.05,29.68,29.55,29.85,102.6,109.3,92.7,96.0,84.5,92.6,109.3,88.0,94.8,88.0,101.6,93.0,7.3,8.4,0.9,7.9,447.1,347.3,104.0,81.0,62.0,92.5,100.3,2.01,Balanced,Safe,70.9,33.7,Medium,91.5,69.9,74.5,4.74,0.9
111,6:32:22,03:32.0,74.5,74.4,63.82,230.8,26.9,47.5,Hard,E. GUERRIERI,No,,29.48,29.73,29.18,28.61,80.7,108.9,107.6,105.6,104.6,92.4,106.1,108.5,107.1,106.0,91.4,106.4,0.2,0.5,1.6,3.5,635.1,655.8,98.6,78.9,61.4,95.9,99.7,2.17,Balanced,Quali,41.8,35.8,Low,79.4,34.4,-156.0,1.3,-0.7
112,6:35:54,03:31.0,74.16,74.11,63.33,229.0,26.7,45.0,Hard,E. GUERRIERI,No,,30.06,29.3,29.63,29.3,105.4,105.7,82.7,96.0,106.0,107.1,103.4,94.1,109.4,83.0,91.0,97.0,4.8,4.6,7.1,5.4,757.2,435.8,109.5,83.2,56.2,109.6,101.1,2.1,Economy,Quali,26.0,47.7,Low,26.2,74.7,148.9,4.34,1.79
113,6:39:26,03:31.0,74.09,74.25,63.53,232.3,26.6,42.5,Hard,E. GUERRIERI,No,,29.52,30.42,29.88,28.94,82.2,96.3,95.5,85.2,80.7,83.0,82.4,96.7,83.1,85.8,93.9,97.8,8.9,8.1,0.7,0.0,714.7,545.1,90.2,62.8,61.0,106.0,103.9,2.16,Balanced,Safe,76.9,48.2,Medium,83.7,66.2,129.9,3.15,0.46
114,6:42:59,03:32.0,74.64,74.6,63.75,230.1,26.4,40.0,Hard,E. GUERRIERI,No,,29.73,30.18,29.39,28.6,96.2,98.4,105.6,89.2,80.4,80.0,87.5,81.5,99.4,81.5,92.8,84.5,2.6,4.4,9.2,3.1,466.3,307.8,86.2,73.2,56.8,95.2,87.3,1.81,Balanced,Quali,63.9,42.9,High,88.1,23.9,-36.2,-3.96,0.68
115,6:46:30,03:31.0,74.01,73.97,63.5,232.3,26.3,37.5,Hard,E. GUERRIERI,No,,29.77,29.34,29.15,29.66,87.6,91.4,97.0,87.2,101.4,103.9,95.4,104.1,95.9,85.1,96.8,109.7,5.7,8.2,8.2,1.1,770.2,417.1,105.1,76.3,59.4,92.9,86.6,2.17,Economy,Quali,86.5,36.3,Low,16.6,71.9,174.9,3.85,-1.47
116,6:50:02,03:32.0,74.19,74.15,63.7,229.7,26.1,35.0,Hard,E. GUERRIERI,No,,30.05,29.23,28.66,28.68,93.1,106.3,98.4,99.7,92.6,92.3,99.5,84.6,92.5,100.6,100.4,80.6,0.9,5.5,8.2,9.4,503.0,347.8,90.1,83.6,62.5,103.5,92.5,1.81,Balanced,Quali,32.3,45.8,High,9.7,20.1,121.9,-4.19,0.42
117,6:53:34,03:31.0,73.95,74.04,63.3,234.2,26.0,32.5,Hard,E. GUERRIERI,No,,30.23,29.37,28.71,29.78,109.6,106.2,87.7,92.5,91.4,98.8,106.9,106.3,102.2,80.5,102.3,94.1,6.4,5.6,6.4,1.9,525.3,380.5,96.6,89.8,58.2,104.7,100.3,1.98,Economy,Race,67.0,39.6,Medium,75.0,92.2,-52.8,-0.32,-1.9
118,6:57:06,03:32.0,74.39,74.02,63.67,234.3,25.8,30.0,Hard,E. GUERRIERI,No,,30.34,29.18,29.6,29.82,84.3,97.6,99.8,83.8,83.6,106.7,96.5,92.4,83.2,98.4,97.2,101.8,2.0,7.5,4.0,5.0,666.3,539.1,100.0,60.1,61.5,109.5,96.9,1.92,Economy,Race,33.3,41.2,Low,69.6,71.9,106.5,-0.82,-1.58
119,7:00:38,03:32.0,74.2,74.29,63.87,232.2,25.7,27.5,Hard,E. GUERRIERI,No,,29.77,30.22,28.84,28.54,84.0,86.7,106.0,95.5,100.9,107.7,84.6,94.2,86.4,107.1,96.6,109.5,8.1,2.4,9.8,2.7,540.2,654.3,95.6,77.5,58.4,90.3,94.8,2.13,Balanced,Race,60.9,45.0,Low,59.3,98.4,168.1,-3.82,1.33
120,7:04:11,03:32.0,74.48,74.33,63.69,234.2,25.5,25.0,Hard,E. GUERRIERI,No,,30.03,29.23,29.19,29.7,109.2,98.8,103.5,102.0,108.1,87.7,84.8,90.5,92.8,106.1,92.7,84.6,3.4,2.8,1.2,9.1,758.7,626.4,102.9,64.6,55.5,105.9,93.6,1.9,Balanced,Race,40.2,48.1,Low,78.6,13.1,95.5,-3.9,1.94
121,7:07:42,03:31.0,74.0,73.97,63.42,235.1,25.4,22.5,Hard,E. GUERRIERI,No,,29.69,30.17,29.74,29.58,109.8,101.2,80.2,91.9,103.4,102.4,85.7,97.4,104.6,87.2,81.1,102.2,9.8,2.7,8.9,0.2,795.5,473.3,86.2,79.8,60.6,108.4,85.5,2.0,Aggressive,Safe,47.6,32.7,Medium,2.5,89.1,7.8,1.16,-1.47
122,7:11:13,03:30.0,73.88,73.67,63.04,233.7,25.2,20.0,Hard,E. GUERRIERI,No,,29.28,29.71,29.71,28.94,105.8,101.3,91.4,103.1,90.4,87.4,94.2,80.5,84.9,108.9,86.6,96.6,5.6,5.6,2.4,7.8,423.4,501.9,88.7,61.8,64.7,109.9,96.8,1.96,Economy,Race,27.4,30.4,High,42.2,5.6,79.3,-0.5,1.27
123,7:14:45,03:32.0,74.23,74.36,63.49,231.2,25.1,17.5,Hard,E. GUERRIERI,No,,29.99,30.26,28.55,29.04,92.6,87.9,83.0,91.2,108.0,88.4,83.2,93.7,107.3,87.0,88.5,82.2,1.8,3.4,2.6,3.6,540.8,339.3,104.4,66.5,57.4,99.4,94.9,2.17,Balanced,Safe,38.9,45.6,Low,33.0,86.6,-2.5,2.94,0.69
124,7:18:17,03:32.0,74.21,74.44,63.9,235.2,25.0,15.0,Hard,E. GUERRIERI,No,,29.14,29.61,28.81,29.95,109.9,98.2,87.4,82.3,101.8,102.3,81.3,106.4,85.4,97.2,85.2,95.4,3.1,5.7,7.2,4.7,592.6,693.1,81.3,74.4,60.1,107.3,97.6,1.8,Balanced,Quali,41.6,30.9,High,18.3,87.6,-110.6,-1.68,1.21
125,7:21:48,03:30.0,73.89,73.5,63.23,233.8,25.0,12.5,Hard,E. GUERRIERI,No,,30.39,29.4,29.46,28.95,89.5,83.5,86.0,83.5,95.3,90.6,109.0,92.0,85.0,87.8,108.1,109.4,7.1,7.2,7.1,1.7,523.4,668.6,81.0,72.4,62.4,105.3,89.9,2.19,Balanced,Safe,33.2,48.1,High,68.0,49.1,57.2,0.58,-1.61
126,7:25:20,03:32.0,74.42,74.36,63.49,230.0,25.0,10.0,Hard,E. GUERRIERI,No,,29.37,29.23,29.7,29.11,109.8,90.2,96.6,103.6,103.7,97.6,105.0,93.1,87.5,84.6,94.3,98.4,4.2,6.1,0.9,8.4,685.3,528.6,92.6,86.5,62.4,90.9,95.0,2.18,Aggressive,Safe,87.9,38.8,Medium,36.1,36.6,123.8,3.14,-0.31
127,7:28:53,03:32.0,74.46,74.14,63.79,232.0,25.0,7.5,Hard,E. GUERRIERI,No,,29.44,29.4,29.77,29.6,92.4,97.6,100.0,93.8,91.4,107.9,83.5,106.8,102.2,94.5,92.5,92.4,7.3,3.6,8.2,6.0,458.3,542.3,97.0,72.6,63.8,109.5,88.3,2.08,Balanced,Safe,74.4,38.5,Low,79.7,71.5,63.6,3.34,1.78
128,7:32:23,03:30.0,73.84,73.59,63.32,231.3,25.0,5.0,Hard,E. GUERRIERI,No,,29.83,30.26,29.85,29.08,108.9,102.3,80.4,100.3,103.0,103.6,82.3,99.4,88.3,94.2,87.0,86.9,8.3,2.9,4.1,1.7,508.0,569.0,99.4,61.6,62.2,105.4,86.9,1.99,Balanced,Race,30.8,39.2,High,98.0,63.4,-157.1,-0.13,0.98
129,7:35:55,03:32.0,74.07,74.41,63.52,233.1,25.0,2.5,Hard,E. GUERRIERI,No,,29.41,29.25,29.63,29.69,109.6,83.4,83.1,80.3,100.1,89.6,81.3,97.8,88.4,100.5,99.8,104.1,7.9,6.6,4.1,1.0,611.1,598.5,90.5,63.1,56.6,99.7,98.4,2.09,Economy,Safe,34.4,30.3,Medium,30.9,81.8,-151.3,-0.36,0.66
130,7:39:26,03:31.0,73.75,74.04,63.36,231.6,25.0,0.0,Hard,E. GUERRIERI,No,,30.13,29.97,29.03,29.72,83.3,86.1,92.6,103.1,86.5,80.9,105.8,106.8,86.8,107.2,89.3,94.5,3.5,2.8,6.0,1.9,682.8,630.0,95.2,87.6,59.2,107.7,91.1,2.07,Aggressive,Race,46.6,31.1,Medium,0.2,88.6,173.3,-1.37,0.9
131,7:42:58,03:31.0,73.98,74.14,63.58,230.4,25.0,0.0,Hard,E. GUERRIERI,No,,29.05,29.52,28.84,28.56,96.7,85.5,93.9,84.8,105.0,107.2,93.2,86.4,103.4,88.3,106.5,85.3,4.8,6.6,4.2,9.7,624.2,503.8,84.8,80.7,58.8,101.6,92.0,1.95,Balanced,Safe,88.0,33.5,Medium,77.0,32.2,-94.5,1.48,0.84
132,7:46:30,03:31.0,74.24,74.19,63.32,234.4,25.0,0.0,Hard,E. GUERRIERI,No,,30.26,29.27,28.64,29.9,80.6,106.5,96.1,109.1,106.0,80.3,109.0,85.2,109.1,85.7,100.9,85.3,3.8,5.8,1.0,9.0,683.4,348.6,87.8,63.8,64.7,90.7,102.0,2.06,Economy,Quali,30.3,32.8,Low,46.9,90.9,-76.9,-3.06,0.5
133,7:50:02,03:32.0,74.29,74.28,63.51,235.7,25.0,0.0,Hard,E. GUERRIERI,No,,29.32,29.34,29.84,28.52,107.4,105.6,92.6,81.2,90.4,85.1,106.6,92.2,80.9,95.5,109.4,96.3,2.0,8.1,8.1,5.5,762.8,688.8,97.9,65.8,62.1,98.6,103.8,1.83,Economy,Race,94.5,40.7,Low,67.7,29.6,-143.3,-2.72,0.83
134,7:53:33,03:30.0,73.54,73.96,63.24,235.2,25.0,0.0,Hard,E. GUERRIERI,No,,30.23,29.86,29.17,29.53,103.6,104.8,87.7,83.7,99.6,84.1,98.5,101.0,105.2,91.8,105.7,107.8,1.0,6.8,1.0,8.1,758.1,354.6,109.9,87.1,61.2,92.5,85.3,1.87,Balanced,Safe,58.7,45.0,High,22.7,32.6,82.6,4.7,-0.98
135,7:57:05,03:32.0,74.44,74.26,63.5,235.3,25.0,0.0,Hard,E. GUERRIERI,No,,29.63,29.01,29.2,29.46,88.3,97.9,90.8,84.7,94.9,100.0,96.4,100.0,88.6,96.7,102.2,102.3,9.6,4.3,7.8,2.0,473.4,618.3,97.9,75.7,59.8,92.1,92.4,2.1,Aggressive,Quali,27.6,31.4,High,32.2,16.9,-15.7,-3.6,1.75
136,8:00:36,03:31.0,74.07,73.86,63.55,230.9,25.0,0.0,Hard,E. GUERRIERI,No,,30.26,29.33,28.76,29.54,109.7,102.7,105.8,85.4,87.2,93.1,102.5,96.0,103.0,93.8,89.5,102.8,8.1,2.1,9.6,1.2,722.3,555.7,97.8,87.5,57.8,90.3,97.5,2.19,Balanced,Safe,47.2,40.0,Medium,47.7,75.8,158.6,3.81,1.62
137,8:04:08,03:31.0,74.05,73.92,63.62,230.7,25.0,0.0,Hard,E. GUERRIERI,No,,29.95,30.22,29.63,28.72,106.1,92.7,95.9,93.5,89.3,84.3,96.8,89.1,109.8,82.8,100.5,86.9,4.5,6.3,2.1,3.9,502.4,591.0,106.2,83.7,57.1,97.3,93.3,2.08,Economy,Race,83.1,39.5,Medium,17.9,1.2,-120.1,-1.43,0.48
138,8:07:41,03:33.0,74.89,74.41,64.01,234.0,25.0,0.0,Hard,E. GUERRIERI,No,,29.52,30.32,28.67,29.2,107.8,109.2,96.2,100.5,93.1,99.4,103.5,87.3,94.7,82.9,81.5,108.3,5.1,1.5,4.4,3.2,496.2,581.9,103.0,67.7,58.3,97.9,94.1,2.06,Aggressive,Safe,61.2,40.5,Medium,33.1,23.3,-9.6,-0.28,-1.84
139,8:11:14,03:32.0,74.44,74.6,63.91,231.5,25.0,0.0,Hard,E. GUERRIERI,No,,29.95,29.47,29.62,28.88,94.6,93.3,80.4,100.2,99.4,106.4,102.8,105.7,80.8,101.5,90.0,82.1,0.7,9.1,0.6,2.6,490.1,368.6,102.8,75.4,60.9,99.0,97.9,2.07,Aggressive,Race,66.7,45.1,High,49.2,77.0,-77.0,-3.71,-1.82
140,8:14:46,03:31.0,73.96,74.06,63.45,231.9,25.0,0.0,Hard,E. GUERRIERI,No,,29.25,29.17,28.56,28.66,100.2,107.3,98.2,89.9,95.5,108.7,86.2,89.4,104.5,82.5,106.9,102.9,7.1,9.9,3.1,1.0,585.2,524.7,102.3,85.5,55.0,95.4,89.2,1.88,Balanced,Safe,55.4,30.6,Medium,25.1,51.7,-34.5,-2.78,1.44
141,8:18:18,03:32.0,74.39,74.57,63.71,230.8,25.0,0.0,Hard,E. GUERRIERI,No,,29.47,29.81,28.82,29.61,85.5,91.9,83.9,96.0,93.5,103.0,86.7,105.8,91.5,85.7,94.6,100.4,9.0,6.2,5.6,5.9,702.0,455.2,91.3,74.7,63.4,108.9,92.5,2.13,Aggressive,Race,85.1,44.9,High,80.8,36.4,131.8,-2.71,0.14
142,8:21:51,03:32.0,74.24,74.29,63.72,232.2,25.0,0.0,Hard,E. GUERRIERI,No,,30.04,29.86,29.15,29.89,99.2,81.9,82.8,83.6,97.8,87.2,83.2,87.4,84.0,99.9,101.0,89.0,7.8,2.8,7.5,3.0,610.7,393.6,99.5,87.9,55.0,95.3,88.2,2.1,Economy,Safe,54.8,46.0,High,41.7,82.1,-16.4,3.53,0.45
143,8:25:24,03:33.0,74.68,74.54,63.87,231.6,25.0,0.0,Hard,E. GUERRIERI,No,,29.38,29.29,29.44,30.0,103.5,102.4,94.1,108.1,81.7,105.8,102.5,104.1,102.5,99.8,103.0,92.0,0.2,0.6,8.8,0.9,698.0,594.0,105.8,68.6,61.9,109.9,90.6,2.1,Balanced,Race,46.4,33.0,Medium,3.9,46.9,77.4,-2.18,-0.27
144,8:28:55,03:31.0,74.07,74.18,63.34,233.7,25.0,0.0,Hard,E. GUERRIERI,No,,29.52,30.38,29.18,29.53,97.1,83.1,93.6,82.4,92.5,99.2,88.2,85.7,99.0,94.3,101.0,94.6,9.4,0.4,4.4,9.6,495.0,372.0,91.5,83.1,60.7,93.8,95.0,2.15,Economy,Quali,99.0,37.8,Low,60.4,80.9,40.0,2.38,-1.36
145,8:32:26,03:30.0,73.83,73.74,63.06,234.7,25.0,0.0,Hard,E. GUERRIERI,No,,29.37,29.89,28.7,29.97,99.4,88.9,98.5,89.7,103.2,98.6,102.3,98.6,89.8,108.7,94.3,86.0,6.1,8.0,6.7,3.3,636.9,316.5,102.7,84.8,64.7,100.0,99.0,2.1,Economy,Quali,93.5,34.8,Medium,25.4,89.7,-73.9,4.93,-1.54
146,8:35:57,03:31.0,74.1,73.82,63.16,229.1,25.0,0.0,Hard,E. GUERRIERI,No,,30.47,29.55,28.76,29.09,88.2,90.8,105.3,96.3,90.0,86.4,89.6,86.4,105.1,104.7,100.9,87.8,8.6,2.2,3.3,9.1,501.3,456.7,107.6,80.6,58.4,93.9,101.1,1.82,Aggressive,Race,48.9,41.8,Medium,41.6,40.0,-163.7,-3.8,-1.54
147,8:39:28,03:31.0,73.7,74.11,63.21,235.5,25.0,0.0,Hard,E. GUERRIERI,No,,29.47,29.25,29.2,29.82,91.5,96.7,85.8,101.7,83.3,108.9,102.7,86.4,80.2,82.7,82.3,83.3,0.6,7.0,8.8,7.6,637.4,313.0,87.4,82.4,55.1,100.7,85.7,1.87,Balanced,Safe,47.7,49.5,High,69.0,39.2,157.0,2.47,1.93
148,8:42:59,03:30.0,73.66,73.67,63.24,233.5,25.0,0.0,Hard,E. GUERRIERI,No,,30.23,29.79,29.43,29.12,87.7,104.4,101.0,101.3,89.6,91.0,80.1,87.1,90.5,84.9,93.9,91.2,8.7,7.5,6.2,0.1,428.6,372.6,106.5,86.9,63.2,105.8,93.6,2.03,Economy,Quali,34.0,35.6,Medium,39.0,20.9,-94.7,-3.73,-0.49
149,8:46:30,03:31.0,74.01,73.89,63.61,231.4,25.0,0.0,Hard,E. GUERRIERI,No,,30.49,29.54,28.74,29.78,99.3,82.7,80.7,100.9,99.6,91.4,104.0,109.2,108.5,109.3,81.3,88.6,7.8,6.0,6.9,8.2,548.9,699.5,102.2,65.4,55.2,100.4,100.5,2.18,Economy,Safe,98.1,34.1,Low,69.4,88.8,-102.0,0.04,-1.86
150,8:50:04,03:33.0,74.69,74.55,64.25,232.9,30.0,100.0,Medium,T. VAUTIER,Yes,50.0,29.85,29.94,28.76,29.72,83.6,102.1,81.5,109.3,97.4,105.5,103.7,105.6,102.5,88.4,103.0,98.5,7.4,3.5,1.8,0.0,485.7,532.0,104.6,83.1,63.2,91.1,95.2,1.86,Balanced,Quali,58.1,34.8,Medium,43.8,58.5,-68.5,1.46,-0.02
151,8:53:35,03:30.0,73.71,73.64,63.55,234.2,29.9,97.5,Medium,T. VAUTIER,No,,29.75,29.66,28.54,29.28,81.1,83.0,107.1,84.2,84.4,87.9,98.9,106.7,92.9,105.2,103.7,89.2,6.6,0.0,3.1,2.0,410.2,441.6,82.4,76.9,58.3,100.0,99.6,2.08,Economy,Quali,42.3,47.0,High,69.8,33.9,16.0,3.61,0.96
152,8:57:06,03:31.0,73.82,73.68,63.54,229.9,29.7,95.0,Medium,T. VAUTIER,No,,29.95,29.84,28.82,29.97,96.2,104.7,88.9,99.2,102.1,82.8,89.0,102.8,88.3,88.7,88.9,94.2,3.2,3.7,2.6,0.3,406.7,657.5,91.8,85.1,58.0,101.5,85.4,1.92,Economy,Race,72.4,37.6,High,50.3,46.8,129.3,-3.33,-0.04
153,9:00:37,03:31.0,74.01,73.88,63.4,234.2,29.6,92.5,Medium,T. VAUTIER,No,,29.64,29.26,29.5,29.58,107.1,91.5,91.2,94.6,83.7,106.9,100.2,82.3,105.8,106.3,97.7,94.3,1.7,2.7,7.1,3.8,436.0,390.5,94.1,68.2,57.5,101.4,92.0,1.99,Economy,Safe,26.4,47.5,Low,50.1,45.1,-102.7,2.26,-1.19
154,9:04:09,03:32.0,74.13,74.64,63.88,231.3,29.4,90.0,Medium,T. VAUTIER,No,,29.42,30.12,29.08,29.02,94.1,82.7,104.2,101.5,87.9,105.4,80.2,105.5,93.2,102.4,106.6,90.1,9.6,4.4,1.7,9.5,766.4,342.3,102.4,83.4,61.3,95.5,87.9,2.15,Economy,Race,55.2,42.0,Medium,49.3,35.1,-116.7,1.97,-0.78
155,9:07:43,03:33.0,74.58,74.52,64.03,235.8,29.3,87.5,Medium,T. VAUTIER,No,,30.17,29.98,29.35,29.65,93.8,90.7,88.2,105.6,89.3,90.3,104.5,98.9,89.3,85.8,108.4,102.6,6.8,9.2,2.4,6.3,738.2,668.2,93.1,70.4,60.1,94.0,91.4,1.89,Economy,Race,71.3,46.2,High,1.2,67.4,-118.2,-2.64,-1.81
156,9:11:14,03:31.0,73.94,73.79,63.35,230.8,29.1,85.0,Medium,T. VAUTIER,No,,29.03,29.58,29.17,29.25,101.1,101.5,105.5,106.2,103.6,83.1,83.9,107.4,103.1,83.3,100.7,108.8,8.7,3.9,4.1,8.3,576.8,499.1,81.9,76.7,55.6,91.3,100.0,1.92,Balanced,Quali,24.5,38.9,Low,13.5,37.2,-115.1,-4.79,-1.39
157,9:14:47,03:33.0,74.76,74.64,64.09,236.0,29.0,82.5,Medium,T. VAUTIER,No,,30.11,29.45,29.31,29.57,107.7,105.8,93.0,95.5,98.8,82.7,93.2,86.1,81.9,102.2,104.7,106.0,4.9,4.1,4.6,0.0,511.0,504.1,87.8,75.6,56.9,91.5,93.9,2.18,Economy,Quali,81.1,31.2,Low,70.9,55.3,67.9,1.1,1.07
158,9:18:18,03:30.0,73.82,73.53,63.27,234.9,28.8,80.0,Medium,T. VAUTIER,No,,29.18,30.0,29.12,29.68,102.9,96.1,86.5,93.1,91.5,85.2,96.4,91.8,91.7,82.2,97.7,89.0,8.5,4.3,5.4,5.6,491.8,635.4,82.5,64.5,55.5,108.5,100.6,1.99,Aggressive,Race,45.8,36.0,Medium,85.9,1.9,38.5,0.59,0.9
159,9:21:51,03:33.0,74.64,74.67,63.94,235.8,28.7,77.5,Medium,T. VAUTIER,No,,29.41,29.37,28.83,29.37,81.7,91.6,108.7,104.4,90.7,104.3,109.1,89.8,108.8,99.1,109.0,87.2,3.4,0.6,9.2,9.0,786.0,548.2,99.4,71.3,62.6,92.9,94.5,1.87,Balanced,Race,81.1,37.6,Medium,13.8,59.1,29.3,1.99,-0.44
160,9:25:22,03:31.0,74.12,73.84,63.24,235.8,28.5,75.0,Medium,T. VAUTIER,No,,29.1,29.91,28.69,29.38,90.2,98.5,90.0,93.7,97.7,100.2,91.7,83.2,107.6,97.3,88.8,98.7,9.4,5.8,4.8,1.3,792.6,496.4,97.5,77.5,57.9,90.2,101.6,2.17,Economy,Safe,92.9,41.4,Low,74.2,91.1,120.4,0.84,-1.01
161,9:28:53,03:30.0,73.65,73.81,63.24,235.7,28.4,72.5,Medium,T. VAUTIER,No,,29.47,30.16,29.69,29.37,99.4,98.6,103.8,90.4,89.7,104.3,107.0,82.3,92.2,80.4,100.1,82.8,3.7,8.4,4.1,8.7,403.5,321.6,108.8,79.3,61.9,94.5,92.3,1.95,Economy,Race,75.8,42.6,Medium,53.4,78.2,162.4,4.14,-0.24
162,9:32:25,03:31.0,73.95,74.5,63.51,235.9,28.2,70.0,Medium,T. VAUTIER,No,,29.8,29.9,28.94,28.79,109.2,102.0,109.7,90.4,96.5,106.3,101.5,109.1,85.9,89.7,89.1,81.4,0.3,5.7,8.1,0.3,756.2,656.5,85.0,82.1,61.0,98.3,86.7,2.2,Balanced,Safe,80.9,36.2,Medium,23.4,51.9,88.0,1.23,-1.81
163,9:35:56,03:31.0,74.05,73.61,63.47,234.5,28.1,67.5,Medium,T. VAUTIER,No,,29.63,29.72,29.03,29.39,97.1,93.2,92.9,108.0,91.2,101.9,99.9,103.3,95.8,91.1,98.2,106.6,9.2,2.5,4.8,0.1,538.9,302.3,108.8,72.5,61.3,108.9,89.3,2.13,Balanced,Race,69.2,46.2,Medium,59.8,53.4,100.7,-2.28,0.86
164,9:39:28,03:32.0,74.35,74.23,63.76,234.4,27.9,65.0,Medium,T. VAUTIER,No,,29.82,29.51,29.21,29.9,98.2,104.6,88.5,102.0,107.8,92.4,85.3,100.8,103.3,92.8,98.7,98.5,4.6,1.5,6.9,2.5,607.9,529.0,92.7,62.7,63.0,105.6,99.1,2.09,Aggressive,Race,56.0,39.2,Medium,20.4,73.6,-21.5,4.01,1.34
165,9:43:00,03:31.0,73.89,73.94,63.49,235.7,27.8,62.5,Medium,T. VAUTIER,No,,29.15,30.4,28.82,29.86,83.6,106.6,95.7,82.3,96.8,106.2,101.2,81.8,90.4,102.2,107.2,89.4,5.6,4.6,3.6,9.3,735.8,484.1,83.6,88.1,57.3,95.9,90.1,1.97,Economy,Race,79.5,34.3,High,62.7,48.6,-68.5,-0.82,0.49
166,9:46:33,03:32.0,74.46,74.55,63.93,235.2,27.6,60.0,Medium,T. VAUTIER,No,,29.84,29.56,29.88,29.12,106.9,99.4,92.1,84.2,99.4,91.7,83.8,98.9,109.9,106.2,84.2,91.1,8.6,6.1,6.7,4.8,563.2,478.9,93.5,75.8,58.7,96.1,96.2,1.95,Economy,Quali,88.4,47.9,Medium,40.4,35.7,33.0,-2.11,-0.16
167,9:50:04,03:31.0,73.9,73.73,63.38,234.8,27.5,57.5,Medium,T. VAUTIER,No,,29.28,30.09,29.56,28.83,91.9,86.3,100.8,100.9,92.0,92.7,109.8,106.1,106.1,99.2,107.9,110.0,8.8,3.7,6.6,3.4,754.2,421.3,88.9,64.1,58.0,108.5,103.6,1.88,Balanced,Quali,82.9,48.1,High,39.1,60.8,-147.0,0.69,-1.21
168,9:53:36,03:32.0,74.41,74.27,63.75,232.5,27.3,55.0,Medium,T. VAUTIER,No,,30.24,29.0,29.64,29.51,91.8,100.0,80.3,101.5,83.3,93.9,86.6,108.2,101.7,99.7,99.1,83.1,7.3,2.6,10.0,4.7,446.3,634.4,109.9,86.8,55.1,105.2,91.1,2.0,Balanced,Race,40.0,44.9,Medium,86.6,90.1,32.7,3.41,-0.5
169,9:57:07,03:31.0,73.97,73.96,63.35,229.1,27.2,52.5,Medium,T. VAUTIER,No,,29.76,29.81,29.61,29.05,106.3,80.2,100.0,101.7,104.2,90.5,83.4,95.1,104.0,90.4,94.8,85.2,4.8,2.7,9.2,5.6,511.8,393.0,85.7,82.4,64.5,101.9,88.1,1.8,Aggressive,Quali,33.9,33.3,Low,2.2,39.2,77.6,-1.66,0.48
170,10:00:40,03:32.0,74.5,74.18,63.77,233.1,27.0,50.0,Medium,T. VAUTIER,No,,29.25,29.12,29.52,29.23,92.6,89.2,102.1,108.6,109.5,108.5,93.0,89.6,87.9,107.0,93.2,104.5,7.5,3.9,6.9,5.3,799.5,400.0,82.3,61.1,59.4,104.7,92.4,2.04,Balanced,Quali,23.0,43.9,Medium,42.7,85.1,-79.8,-3.37,-0.35
171,10:04:11,03:31.0,74.23,73.91,63.45,231.9,26.9,47.5,Medium,T. VAUTIER,No,,29.65,29.23,29.72,29.91,83.5,81.9,91.6,88.2,106.7,87.1,107.6,107.6,84.8,81.8,80.8,89.8,9.9,7.0,4.5,2.8,652.0,485.0,86.9,69.4,55.4,93.6,103.1,2.09,Aggressive,Quali,96.0,37.5,Low,31.0,24.1,-33.3,-1.7,0.98
172,10:07:45,03:33.0,74.71,74.77,63.96,230.4,26.7,45.0,Medium,T. VAUTIER,No,,30.05,29.6,28.89,29.09,88.6,100.0,95.8,87.9,85.2,89.5,102.8,97.4,87.8,88.4,85.4,100.9,1.3,6.1,4.5,0.8,729.5,573.8,81.0,79.3,56.8,96.8,100.4,2.11,Economy,Quali,79.1,44.5,Low,5.6,50.3,27.7,0.7,1.09
173,10:11:18,03:33.0,74.74,74.56,63.82,233.2,26.6,42.5,Medium,T. VAUTIER,No,,30.12,29.94,29.92,28.71,80.3,82.1,93.0,103.0,100.8,88.6,86.8,107.8,89.3,85.1,109.0,91.1,5.7,4.9,2.0,5.6,489.2,386.2,105.1,75.2,62.9,98.7,88.4,1.86,Aggressive,Race,49.4,46.7,Medium,47.7,0.7,-16.1,-1.06,1.42
174,10:14:49,03:30.0,73.9,73.58,63.18,230.3,26.4,40.0,Medium,T. VAUTIER,No,,29.9,29.2,29.72,29.82,82.5,100.1,90.3,85.2,82.7,85.4,108.0,98.1,102.1,80.3,93.1,84.8,3.0,8.0,5.4,5.1,757.8,695.0,92.4,89.3,64.2,106.6,96.3,1.9,Aggressive,Quali,74.3,48.1,High,82.4,84.3,-68.0,2.54,-0.35
175,10:18:20,03:31.0,73.8,73.96,63.4,232.1,26.3,37.5,Medium,T. VAUTIER,No,,29.13,29.06,29.07,28.87,82.5,88.2,103.9,80.5,86.5,104.9,84.7,83.3,96.1,102.3,99.6,94.0,7.8,1.1,1.9,6.5,688.4,415.8,88.2,70.9,64.9,103.6,98.3,1.83,Aggressive,Safe,51.3,42.4,Medium,93.3,80.1,20.1,-0.82,-0.42
176,10:21:51,03:30.0,73.73,74.15,63.11,231.5,26.1,35.0,Medium,T. VAUTIER,No,,30.39,29.61,28.57,29.14,91.6,108.3,89.1,102.4,106.3,86.2,80.6,106.2,98.3,94.8,98.7,80.6,5.3,5.8,8.2,9.1,519.0,353.0,104.2,83.8,58.1,94.0,101.7,1.92,Balanced,Race,88.7,36.8,High,48.0,98.8,113.9,2.74,1.98
177,10:25:24,03:33.0,74.36,74.88,64.04,235.1,26.0,32.5,Medium,T. VAUTIER,No,,29.41,29.47,28.57,28.71,94.8,95.1,97.1,90.6,82.9,102.4,80.7,90.5,96.5,98.9,101.6,99.5,0.9,0.3,8.7,7.4,701.9,471.8,80.9,77.8,55.4,100.2,92.3,1.91,Balanced,Quali,87.8,41.4,Low,79.9,24.2,-15.4,-0.15,0.3
178,10:28:55,03:30.0,73.69,73.86,63.09,232.6,25.8,30.0,Medium,T. VAUTIER,No,,30.35,30.04,28.68,28.59,88.6,84.3,101.3,95.5,95.5,86.8,83.2,97.9,105.6,109.4,97.4,96.5,6.5,4.6,2.0,4.9,435.6,481.0,89.2,77.5,60.4,93.6,89.8,2.03,Balanced,Race,54.2,42.8,Low,32.4,73.2,-41.7,2.33,-0.27
179,10:32:26,03:30.0,73.76,73.74,63.37,229.6,25.7,27.5,Medium,T. VAUTIER,No,,29.56,29.54,29.78,29.56,90.5,102.3,96.5,96.4,104.2,97.7,99.8,87.8,102.9,108.1,107.1,109.6,7.2,1.0,2.0,6.3,490.3,354.9,86.6,76.5,57.5,91.0,88.9,1.83,Balanced,Safe,98.6,34.4,Low,51.7,79.5,-49.7,4.42,1.9
180,10:35:59,03:33.0,74.63,74.83,63.88,230.6,25.5,25.0,Medium,T. VAUTIER,No,,29.53,29.2,29.04,29.45,93.5,85.6,89.0,93.3,81.5,80.2,108.2,95.6,87.9,103.8,85.3,86.5,3.6,4.3,5.0,5.2,570.6,357.8,92.1,70.1,61.0,98.9,100.4,1.8,Balanced,Race,77.1,43.8,Low,35.8,75.9,176.9,2.11,-0.32
181,10:39:30,03:31.0,73.74,74.24,63.3,233.0,25.4,22.5,Medium,T. VAUTIER,No,,29.26,29.88,29.39,29.59,108.9,93.8,99.9,93.3,84.6,100.6,100.6,101.2,104.1,100.8,102.3,82.2,9.5,2.5,4.1,0.1,660.8,698.8,92.6,89.9,62.7,106.7,91.0,1.93,Aggressive,Race,73.3,40.6,High,40.0,44.8,69.9,-3.43,0.09
182,10:43:02,03:31.0,74.03,74.06,63.39,230.4,25.2,20.0,Medium,T. VAUTIER,No,,30.07,29.22,29.69,28.8,100.2,95.8,96.5,102.7,104.8,106.7,83.9,85.1,98.0,89.9,103.5,105.1,7.7,7.2,8.7,2.7,705.3,619.4,96.3,61.1,56.5,106.2,98.1,1.99,Balanced,Race,58.8,30.3,High,84.1,70.5,-86.0,4.09,1.62
183,10:46:33,03:31.0,74.03,74.08,63.5,234.8,25.1,17.5,Medium,T. VAUTIER,No,,29.54,29.44,28.65,29.74,107.1,90.5,95.6,86.9,86.0,105.6,81.5,90.0,95.6,101.9,80.2,86.4,0.9,7.1,8.0,0.2,583.8,522.3,87.5,67.7,60.3,97.0,86.8,2.18,Aggressive,Quali,98.3,47.3,Low,59.3,70.4,168.3,0.83,0.42
184,10:50:04,03:30.0,73.75,73.64,63.32,232.0,25.0,15.0,Medium,T. VAUTIER,No,,29.55,29.27,29.85,29.43,99.7,104.0,107.7,103.1,93.9,86.5,80.3,95.6,96.2,93.0,104.4,82.4,2.2,0.8,2.4,0.7,539.4,353.1,91.7,81.8,62.3,101.3,86.7,1.92,Balanced,Race,24.5,44.5,Medium,5.8,5.8,43.2,-2.38,-0.37
185,10:53:37,03:32.0,74.42,74.52,63.67,231.1,25.0,12.5,Medium,T. VAUTIER,No,,30.19,29.44,29.33,28.92,109.9,108.9,84.6,88.3,88.5,89.9,95.1,88.4,95.3,81.0,100.3,103.1,0.4,3.0,1.5,0.2,612.1,486.1,86.6,68.0,62.8,95.1,103.3,1.88,Economy,Safe,33.3,40.8,Low,7.1,15.2,-9.9,0.82,-1.44
186,10:57:10,03:33.0,74.82,74.56,63.91,229.9,25.0,10.0,Medium,T. VAUTIER,No,,29.17,29.23,29.62,28.64,94.7,80.9,102.9,92.6,100.4,95.4,89.8,80.4,107.6,109.6,82.7,96.3,4.5,7.7,3.8,5.2,499.6,439.2,85.8,64.1,57.4,95.4,89.3,1.83,Economy,Quali,43.3,43.6,High,53.0,19.8,104.6,-2.72,-0.78
187,11:00:41,03:30.0,73.92,73.95,63.1,234.2,25.0,7.5,Medium,T. VAUTIER,No,,29.12,30.25,29.37,29.87,98.4,87.4,91.8,107.5,83.6,102.7,100.5,104.0,94.9,106.4,109.2,101.3,8.2,3.6,9.4,5.0,688.2,663.6,97.2,67.3,57.8,94.7,93.4,1.91,Economy,Safe,23.9,47.3,Medium,60.0,25.2,20.9,1.95,-1.75
188,11:04:14,03:32.0,74.58,74.47,63.84,235.8,25.0,5.0,Medium,T. VAUTIER,No,,29.84,30.25,29.79,28.9,94.0,108.4,91.9,93.5,102.2,98.8,84.9,104.3,102.9,85.1,94.8,109.0,8.3,7.3,6.8,3.1,447.2,338.8,105.7,71.6,58.6,107.5,94.4,2.18,Balanced,Quali,57.9,43.0,Medium,5.4,3.8,-106.1,2.42,0.93
189,11:07:47,03:33.0,74.64,74.57,63.91,231.3,25.0,2.5,Medium,T. VAUTIER,No,,29.48,30.27,29.1,29.05,107.3,91.0,90.5,95.7,86.5,103.2,86.2,98.5,82.6,106.4,84.3,94.5,6.8,2.0,3.8,5.6,610.8,449.2,85.3,70.4,62.3,94.2,85.8,2.07,Economy,Safe,83.6,42.6,Medium,97.1,38.6,42.4,3.63,-1.92
190,11:11:18,03:31.0,74.05,74.12,63.3,233.0,25.0,0.0,Medium,T. VAUTIER,No,,30.1,29.93,29.59,29.59,94.3,95.6,104.3,107.1,104.9,106.8,103.4,94.8,106.2,90.3,100.2,102.5,6.2,4.1,4.3,7.0,547.7,616.5,82.0,79.7,58.1,95.2,101.3,2.06,Aggressive,Quali,78.9,30.9,Medium,35.0,72.1,161.4,4.81,1.97
191,11:14:49,03:30.0,73.76,73.54,63.2,229.6,25.0,0.0,Medium,T. VAUTIER,No,,29.71,29.58,28.72,28.5,92.8,81.2,98.7,109.1,105.4,107.4,88.2,95.1,99.7,80.7,101.7,85.8,3.0,1.2,0.3,5.6,665.4,510.6,97.2,67.7,61.1,92.6,88.3,1.84,Balanced,Race,47.8,33.4,High,40.7,3.1,66.0,-0.4,-0.02
192,11:18:22,03:33.0,74.69,74.67,64.0,231.3,25.0,0.0,Medium,T. VAUTIER,No,,29.69,30.2,28.89,29.07,103.6,106.3,89.3,95.5,109.4,86.3,91.5,85.4,91.9,108.1,102.7,101.0,1.2,6.4,3.2,7.1,692.8,440.8,96.0,84.3,61.0,101.8,94.6,1.9,Economy,Quali,50.9,35.4,Medium,75.6,99.9,-156.0,4.98,-0.2
193,11:21:56,03:33.0,74.54,74.8,64.0,232.1,25.0,0.0,Medium,T. VAUTIER,No,,30.08,29.75,29.39,29.81,89.8,81.6,109.8,85.2,102.6,107.7,88.0,108.7,98.0,80.4,95.2,94.7,4.3,8.4,4.9,1.3,596.0,680.3,88.4,72.2,62.1,93.1,103.7,1.89,Aggressive,Quali,59.2,34.4,Low,78.7,41.5,-130.5,2.48,-0.38
194,11:25:26,03:30.0,73.81,73.6,63.24,229.1,25.0,0.0,Medium,T. VAUTIER,No,,29.46,29.41,29.97,28.81,83.8,103.4,86.5,89.0,90.3,94.6,106.0,108.1,85.8,87.3,92.2,92.8,4.3,6.0,5.8,0.7,716.0,611.9,82.6,61.8,56.0,108.4,94.0,1.81,Balanced,Safe,28.6,44.7,Medium,88.1,37.8,4.4,-4.49,0.99
195,11:28:57,03:31.0,74.04,73.95,63.26,233.3,25.0,0.0,Medium,T. VAUTIER,No,,30.06,29.33,28.64,28.74,107.7,102.9,98.8,104.2,107.7,99.0,84.0,107.3,81.8,88.1,88.2,106.3,8.0,4.0,2.5,5.4,624.6,318.7,96.1,89.1,61.3,91.0,102.0,1.99,Economy,Safe,72.5,30.2,Low,63.8,27.3,-169.3,0.01,-1.73
196,11:32:30,03:32.0,74.4,74.41,64.01,235.1,25.0,0.0,Medium,T. VAUTIER,No,,29.22,29.57,29.04,29.99,81.8,86.0,107.8,95.9,96.0,96.0,82.4,82.3,80.6,100.3,99.5,87.6,0.5,1.7,5.5,4.7,444.6,630.5,105.3,81.0,61.3,91.5,100.0,1.87,Aggressive,Race,50.2,34.8,Medium,71.3,70.2,136.9,-2.79,-1.46
197,11:36:03,03:32.0,74.6,74.36,63.71,229.0,25.0,0.0,Medium,T. VAUTIER,No,,29.15,29.33,28.91,29.93,100.3,84.0,91.2,99.5,99.5,102.8,84.2,106.7,82.5,98.1,108.7,81.1,6.2,2.0,6.0,0.6,623.2,549.2,103.5,81.5,58.6,95.4,87.0,2.1,Balanced,Quali,77.1,30.4,Medium,59.0,48.2,-96.8,-2.5,1.04
198,11:39:34,03:30.0,73.72,74.03,63.08,233.8,25.0,0.0,Medium,T. VAUTIER,No,,29.69,29.15,28.76,29.3,102.6,86.3,107.0,107.7,106.9,94.6,97.8,106.1,96.9,82.1,103.1,99.2,3.3,9.5,7.2,6.3,789.6,593.8,103.4,85.4,58.3,102.9,98.0,2.05,Economy,Race,80.3,48.3,Low,95.1,1.0,26.0,-4.54,-0.26
199,11:43:07,03:33.0,74.77,74.6,64.08,230.0,25.0,0.0,Medium,T. VAUTIER,No,,29.56,29.35,29.13,28.67,80.3,100.8,101.6,95.0,104.4,107.2,82.9,86.2,91.6,108.8,98.2,105.7,5.8,8.7,2.8,3.9,635.7,571.7,109.7,70.8,55.2,102.5,90.6,2.14,Aggressive,Race,69.3,44.1,Low,4.9,94.7,-86.0,-2.95,0.81
200,11:46:38,03:31.0,73.82,74.06,63.24,230.9,25.0,0.0,Medium,T. VAUTIER,No,,29.62,29.13,28.56,28.95,103.7,93.4,92.8,90.2,86.6,99.0,83.3,89.7,92.8,108.8,104.1,100.3,9.4,2.6,9.6,1.9,536.6,340.9,89.3,77.1,62.8,92.4,85.1,2.18,Economy,Quali,42.1,34.2,Medium,70.7,88.3,-151.4,4.48,-0.06
201,11:50:12,03:33.0,74.67,74.5,64.24,230.5,25.0,0.0,Medium,T. VAUTIER,No,,29.37,29.54,28.71,28.64,104.9,107.1,102.6,80.1,88.5,82.7,106.6,90.7,86.5,91.1,83.1,104.9,10.0,7.5,3.6,3.7,474.2,473.3,83.1,74.6,56.9,92.3,102.4,2.04,Balanced,Quali,61.9,44.8,Medium,36.5,35.3,83.5,-1.75,-2.0
202,11:53:43,03:31.0,73.82,73.98,63.45,235.7,25.0,0.0,Medium,T. VAUTIER,No,,29.26,29.36,28.86,28.74,109.9,92.0,109.5,94.1,92.0,80.0,103.6,82.9,93.5,94.8,84.4,101.2,6.6,8.6,1.8,4.6,474.9,662.5,107.3,62.8,60.7,91.2,90.5,1.89,Economy,Race,62.3,38.2,High,44.3,2.5,-100.1,-3.84,1.37
203,11:57:15,03:31.0,74.06,74.08,63.45,234.7,25.0,0.0,Medium,T. VAUTIER,No,,29.27,30.05,29.1,28.86,98.0,90.0,103.5,95.7,108.7,88.9,92.7,104.0,109.0,100.5,87.8,93.4,1.8,7.7,8.5,9.8,584.7,305.8,80.8,64.4,64.2,94.0,104.7,2.01,Economy,Race,74.9,35.9,High,73.0,8.5,27.4,2.38,1.7
204,12:00:48,03:33.0,74.72,74.45,63.85,235.5,25.0,0.0,Medium,T. VAUTIER,No,,29.85,30.37,29.71,29.85,85.8,105.7,91.0,93.0,100.4,81.6,92.6,82.6,83.7,88.7,106.6,101.3,3.3,5.2,3.3,7.5,539.6,528.3,93.3,81.1,58.1,92.0,96.8,1.92,Balanced,Quali,33.6,35.7,Medium,25.3,9.6,-113.8,4.13,-1.64
205,12:04:19,03:31.0,74.23,74.2,63.42,234.5,25.0,0.0,Medium,T. VAUTIER,No,,29.6,30.43,28.98,29.15,81.8,80.4,94.9,103.6,100.7,92.0,91.7,101.2,101.8,105.0,90.2,102.4,0.8,7.8,7.4,3.9,700.8,360.5,93.0,62.0,55.1,90.9,96.2,2.12,Economy,Race,21.2,32.1,High,7.5,15.0,61.2,3.6,-1.47
206,12:07:52,03:32.0,74.52,74.43,63.67,229.4,25.0,0.0,Medium,T. VAUTIER,No,,30.32,30.16,29.75,29.84,94.9,99.3,86.3,85.7,104.0,91.0,103.6,87.9,95.1,93.3,97.2,107.0,5.6,7.9,7.0,4.2,580.8,657.0,82.4,81.2,64.3,109.2,92.7,2.13,Balanced,Safe,94.4,34.1,Low,16.7,53.2,-73.4,-0.12,-0.66
207,12:11:24,03:32.0,74.25,74.44,63.63,229.0,25.0,0.0,Medium,T. VAUTIER,No,,29.71,30.27,28.93,29.96,107.9,108.4,106.1,102.7,94.5,96.1,101.1,102.7,92.1,109.1,104.2,101.5,6.6,1.3,0.7,1.4,489.4,359.6,91.2,64.8,59.3,94.8,104.5,1.91,Balanced,Safe,47.1,45.6,High,52.6,8.4,176.9,2.69,-0.18
208,12:14:56,03:31.0,74.16,74.02,63.51,233.5,25.0,0.0,Medium,T. VAUTIER,No,,29.22,29.17,29.38,30.0,104.7,105.9,97.5,106.3,92.9,82.6,89.5,92.8,91.6,94.6,96.9,84.3,0.6,6.5,8.9,0.9,757.0,589.2,82.3,86.8,63.1,109.4,94.0,2.03,Balanced,Safe,67.2,37.3,Low,89.1,86.4,-33.6,3.22,1.54
209,12:18:27,03:31.0,73.64,74.17,63.46,233.8,25.0,0.0,Medium,T. VAUTIER,No,,30.22,29.28,29.11,29.0,105.2,86.0,92.8,101.4,92.5,82.0,98.5,92.0,96.4,83.2,90.7,97.8,3.5,8.0,5.6,4.8,622.8,354.5,84.3,85.8,63.7,95.9,93.8,2.11,Economy,Safe,21.0,36.4,High,54.1,91.1,-125.5,0.74,-1.57
210,12:22:01,03:33.0,74.63,74.48,64.14,229.9,30.0,100.0,Soft,E. GUERRIERI,Yes,58.0,30.0,30.13,29.83,29.55,80.0,102.7,92.9,91.2,85.0,101.5,107.6,105.8,99.6,90.4,102.7,89.9,1.6,5.1,4.1,6.8,593.5,593.8,90.3,71.3,63.4,102.5,101.0,1.87,Balanced,Quali,98.5,31.5,Medium,52.1,97.8,-112.0,-0.68,0.18
211,12:25:33,03:32.0,74.19,74.38,63.81,229.6,29.9,97.5,Soft,E. GUERRIERI,No,,29.06,29.74,29.39,28.83,109.4,80.9,105.3,80.9,94.7,81.9,106.2,85.4,104.3,88.9,102.8,82.2,3.7,7.1,9.7,6.2,645.5,494.4,86.4,87.1,58.6,106.0,85.3,2.13,Economy,Race,49.5,30.1,Medium,67.7,18.2,33.5,2.09,-0.83
212,12:29:05,03:32.0,74.31,74.23,63.71,232.0,29.7,95.0,Soft,E. GUERRIERI,No,,29.11,30.27,29.31,28.61,86.9,98.1,80.9,101.0,100.9,103.1,96.1,107.9,105.4,83.6,102.6,102.5,7.3,2.1,1.2,5.5,513.2,370.4,86.2,86.5,61.6,97.6,98.8,1.83,Aggressive,Race,60.6,48.0,Low,72.3,63.0,48.3,1.18,1.2
213,12:32:39,03:33.0,74.51,74.97,63.94,235.0,29.6,92.5,Soft,E. GUERRIERI,No,,30.38,29.76,29.34,28.57,94.3,91.9,90.0,101.1,81.0,104.8,103.4,81.8,99.5,100.8,80.3,88.7,8.0,2.3,0.7,2.4,781.5,408.2,91.0,73.6,55.5,91.6,94.0,2.0,Aggressive,Quali,74.5,43.5,Low,26.6,69.0,87.4,4.68,0.94
214,12:36:10,03:31.0,74.21,73.97,63.58,234.8,29.4,90.0,Soft,E. GUERRIERI,No,,30.46,30.45,29.89,29.33,80.0,103.0,81.8,100.9,108.1,86.6,91.1,80.3,103.3,99.9,92.1,109.6,3.2,4.7,2.2,7.5,589.1,330.0,108.8,63.0,60.4,94.5,86.4,1.91,Aggressive,Safe,95.4,38.1,Low,89.5,9.2,86.5,-3.32,0.44
215,12:39:43,03:32.0,74.44,74.36,63.76,233.5,29.3,87.5,Soft,E. GUERRIERI,No,,30.06,29.38,28.76,28.51,89.7,80.6,83.7,109.2,102.9,96.2,89.3,101.5,93.6,92.6,106.2,91.5,4.7,8.7,5.1,1.2,429.2,648.7,97.6,88.3,60.3,97.9,97.0,1.92,Balanced,Race,47.8,34.7,High,77.8,54.3,111.8,-1.62,0.56
216,12:43:16,03:33.0,74.87,74.41,64.08,234.1,29.1,85.0,Soft,E. GUERRIERI,No,,29.62,29.79,29.72,29.03,97.4,86.6,84.2,105.6,94.5,100.4,87.5,105.8,103.6,106.6,83.9,80.6,1.7,6.6,5.9,9.9,511.1,526.2,84.7,73.1,60.2,103.7,100.4,1.81,Aggressive,Quali,67.8,35.2,Low,89.1,88.5,-109.2,2.55,1.84
217,12:46:48,03:31.0,74.23,73.88,63.53,233.6,29.0,82.5,Soft,E. GUERRIERI,No,,29.32,29.21,28.73,29.34,93.8,93.5,90.2,101.2,105.7,84.1,106.7,97.6,105.5,86.4,107.4,95.9,2.8,5.8,7.6,5.0,728.8,693.7,90.4,62.5,55.0,91.4,100.4,2.02,Balanced,Quali,86.6,33.0,Medium,54.4,22.5,-176.9,0.71,0.16
218,12:50:21,03:32.0,74.35,74.47,63.93,231.0,28.8,80.0,Soft,E. GUERRIERI,No,,30.04,29.53,29.22,28.79,100.4,101.4,84.5,97.2,109.3,109.6,101.4,83.9,98.0,88.7,80.0,100.6,0.2,3.9,8.3,0.1,589.2,331.4,93.5,68.1,61.4,95.1,92.8,2.04,Economy,Race,82.1,38.0,Low,26.1,59.1,-167.7,2.76,-1.46
219,12:53:52,03:31.0,73.81,73.79,63.56,235.4,28.7,77.5,Soft,E. GUERRIERI,No,,30.41,29.95,29.92,29.52,97.4,100.0,93.7,103.0,100.4,109.0,108.3,107.1,97.8,84.3,107.6,101.9,6.4,4.4,9.5,7.9,620.3,402.6,82.4,74.0,62.8,93.0,90.1,1.84,Balanced,Quali,32.5,39.1,High,35.4,66.9,-12.3,2.75,-1.99
220,12:57:24,03:32.0,74.51,74.15,63.79,234.5,28.5,75.0,Soft,E. GUERRIERI,No,,30.09,29.05,28.67,29.45,86.5,109.2,87.1,102.4,104.7,90.9,98.4,81.5,88.3,98.8,85.8,91.7,2.2,4.0,8.0,1.4,540.2,430.1,91.9,65.0,56.7,109.0,94.1,1.87,Balanced,Race,28.1,30.8,High,18.6,48.9,38.1,-3.29,-0.18
221,13:00:56,03:31.0,74.06,73.97,63.59,235.0,28.4,72.5,Soft,E. GUERRIERI,No,,29.77,29.22,29.92,28.51,96.2,91.8,81.1,88.3,80.0,95.5,86.1,99.2,82.7,101.5,90.1,101.7,8.9,6.9,2.7,5.4,788.0,427.9,87.8,84.4,55.9,96.1,88.7,2.1,Economy,Race,40.6,32.2,Low,19.9,93.6,86.0,-2.71,0.26
222,13:04:27,03:31.0,73.92,73.93,63.57,234.1,28.2,70.0,Soft,E. GUERRIERI,No,,29.85,29.05,29.04,29.31,105.4,88.9,96.8,102.3,91.4,107.0,97.2,95.7,104.7,81.3,86.4,95.1,7.5,4.3,5.8,0.5,540.7,602.3,91.2,64.7,64.3,93.4,95.9,1.88,Economy,Safe,26.5,31.9,Medium,4.9,13.7,15.9,2.31,-0.64
223,13:08:00,03:32.0,74.17,74.4,63.75,230.8,28.1,67.5,Soft,E. GUERRIERI,No,,29.5,29.28,29.03,29.98,92.9,90.8,94.8,94.5,92.3,100.7,101.4,109.8,102.6,88.2,85.4,84.3,1.6,1.7,7.0,7.4,659.8,680.1,93.4,86.1,59.0,98.3,104.7,2.15,Economy,Safe,84.5,35.5,Low,95.2,1.7,-121.0,2.97,0.86
224,13:11:31,03:31.0,73.93,73.88,63.41,230.2,27.9,65.0,Soft,E. GUERRIERI,No,,29.02,29.95,28.68,29.75,85.1,104.0,108.7,103.7,108.7,93.3,104.5,94.3,89.3,86.9,103.1,102.7,2.9,5.8,8.7,3.7,499.7,368.7,82.1,62.0,61.1,97.3,86.6,2.18,Economy,Safe,40.5,41.4,High,92.8,47.3,166.4,3.68,-0.32
225,13:15:01,03:30.0,73.55,73.87,63.15,234.4,27.8,62.5,Soft,E. GUERRIERI,No,,30.46,29.38,28.51,28.59,93.5,99.7,81.3,96.6,85.7,87.5,99.9,109.0,91.4,101.9,101.4,82.3,5.7,2.1,8.3,4.7,429.3,425.0,90.0,63.8,56.7,101.3,89.8,2.01,Balanced,Race,72.0,32.3,High,9.7,0.0,157.1,-3.97,-1.02
226,13:18:34,03:32.0,74.05,74.35,63.72,233.4,27.6,60.0,Soft,E. GUERRIERI,No,,29.52,29.3,28.75,28.91,93.4,81.2,103.1,95.2,88.6,104.4,100.5,101.6,96.3,92.4,82.6,106.6,2.5,0.3,6.2,0.8,641.3,479.1,85.5,89.6,55.7,92.8,101.4,2.14,Economy,Safe,83.1,35.2,Low,60.8,31.1,-71.3,0.49,-0.95
227,13:22:06,03:31.0,74.15,74.34,63.51,234.9,27.5,57.5,Soft,E. GUERRIERI,No,,29.06,29.24,29.99,29.15,89.7,86.6,105.8,101.7,86.8,107.3,80.2,83.2,104.0,102.3,105.2,82.7,4.3,7.4,3.1,0.6,675.3,409.1,106.1,80.8,58.8,91.2,92.5,2.13,Balanced,Quali,58.2,44.8,Low,34.4,4.8,47.0,-0.22,1.96
228,13:25:38,03:32.0,74.4,74.07,63.6,232.3,27.3,55.0,Soft,E. GUERRIERI,No,,29.47,29.52,29.3,28.56,109.9,107.7,88.2,98.8,92.9,109.4,97.8,109.7,101.7,96.7,89.2,109.8,6.1,7.6,3.7,0.5,496.9,406.2,86.5,61.1,60.7,90.6,97.9,2.16,Balanced,Safe,95.4,30.9,Low,78.6,62.3,43.4,4.41,0.08
229,13:29:09,03:31.0,74.24,74.08,63.43,235.5,27.2,52.5,Soft,E. GUERRIERI,No,,30.03,29.06,29.61,29.74,87.7,91.3,109.9,84.2,86.1,95.4,90.1,87.5,90.4,101.9,95.9,101.7,4.4,1.2,5.7,5.5,777.6,508.1,86.0,74.9,58.1,107.1,103.3,2.07,Balanced,Safe,23.4,44.6,High,58.0,45.5,-50.1,0.83,1.53
230,13:32:41,03:31.0,74.1,74.17,63.5,232.0,27.0,50.0,Soft,E. GUERRIERI,No,,29.39,29.98,29.13,28.56,86.9,80.3,99.4,86.7,106.4,94.5,103.4,81.4,83.1,105.3,103.5,99.5,2.9,0.2,7.3,8.5,432.3,663.5,108.3,83.7,64.0,109.8,104.4,2.12,Balanced,Safe,53.0,42.0,Medium,64.4,97.3,68.8,3.88,1.29
231,13:36:12,03:31.0,73.83,74.05,63.17,235.9,26.9,47.5,Soft,E. GUERRIERI,No,,30.36,29.4,28.55,29.88,104.4,106.3,103.4,83.3,83.4,84.9,105.4,82.8,94.1,103.1,89.8,93.0,7.6,9.2,4.0,1.2,652.2,420.0,99.2,69.5,56.7,107.3,91.5,2.07,Economy,Safe,48.6,35.0,Low,0.3,66.0,25.9,-4.64,-1.35
232,13:39:44,03:31.0,74.3,74.03,63.49,231.7,26.7,45.0,Soft,E. GUERRIERI,No,,30.21,29.87,29.37,29.25,95.3,91.9,107.4,90.3,102.9,94.7,85.6,81.7,108.6,97.5,94.1,80.7,3.1,1.8,7.7,0.2,407.8,547.8,87.2,79.8,58.1,105.7,95.7,1.88,Aggressive,Quali,51.1,44.8,Low,66.0,73.0,110.1,-1.48,1.74
233,13:43:17,03:32.0,74.63,74.42,63.79,232.4,26.6,42.5,Soft,E. GUERRIERI,No,,29.39,29.93,29.65,28.72,93.4,103.8,105.4,81.4,103.5,92.5,90.6,106.7,85.9,88.7,89.6,85.0,5.3,8.8,9.6,7.0,622.2,361.8,84.9,73.2,60.4,96.8,92.6,2.11,Balanced,Safe,74.4,39.0,Medium,80.9,98.5,88.1,2.05,1.95
234,13:46:49,03:31.0,74.24,74.07,63.41,229.9,26.4,40.0,Soft,E. GUERRIERI,No,,29.06,29.02,28.8,29.27,94.1,107.9,91.4,85.1,84.6,81.0,89.8,102.6,103.0,97.1,98.9,94.9,8.1,1.0,3.8,8.9,575.5,432.7,103.3,71.4,63.6,95.6,94.8,2.16,Balanced,Safe,77.1,35.6,High,4.1,6.3,-20.4,3.61,0.31
235,13:50:22,03:33.0,74.6,74.73,64.17,231.9,26.3,37.5,Soft,E. GUERRIERI,No,,30.49,29.17,29.43,29.13,89.8,97.0,84.0,101.2,104.5,95.0,103.0,81.2,83.6,82.5,101.0,105.0,8.1,2.3,5.3,5.9,560.3,578.0,100.6,89.3,63.0,101.6,100.2,2.1,Aggressive,Quali,49.6,38.2,Low,41.2,32.1,-126.1,4.88,-0.7
236,13:53:54,03:31.0,74.09,74.22,63.48,234.7,26.1,35.0,Soft,E. GUERRIERI,No,,29.26,29.55,28.89,29.91,91.0,108.3,100.9,98.6,90.0,81.6,82.3,109.0,107.6,83.3,107.0,101.7,1.9,8.8,4.2,1.6,647.4,372.6,98.4,89.0,62.9,92.2,101.4,1.9,Aggressive,Safe,24.3,36.3,High,86.5,51.3,79.4,4.94,0.23
237,13:57:26,03:32.0,74.16,74.24,63.66,233.4,26.0,32.5,Soft,E. GUERRIERI,No,,29.61,29.54,29.85,29.74,106.0,83.3,100.3,92.7,83.8,97.2,83.7,108.7,94.8,80.1,108.0,83.6,9.2,9.4,3.5,7.7,567.5,523.3,93.7,87.2,58.0,97.4,96.9,2.11,Aggressive,Quali,88.5,45.7,Medium,30.0,75.7,-162.1,-1.27,-1.53
238,14:00:58,03:31.0,74.31,74.1,63.58,231.5,25.8,30.0,Soft,E. GUERRIERI,No,,29.86,29.71,28.81,29.11,93.5,104.5,106.3,87.7,82.2,87.9,100.7,85.2,94.4,97.9,87.0,99.0,6.1,6.7,2.8,9.9,718.8,336.2,86.0,65.2,57.3,99.8,92.5,1.9,Balanced,Safe,28.7,35.2,Low,16.1,68.4,1.0,-0.71,-0.98
239,14:04:29,03:30.0,73.62,73.84,63.21,230.6,25.7,27.5,Soft,E. GUERRIERI,No,,30.5,29.56,29.19,29.74,80.8,101.2,80.3,106.6,87.2,96.1,101.5,81.2,101.4,94.2,99.2,86.6,9.5,0.5,5.6,3.3,616.1,361.5,105.7,84.6,56.0,101.6,97.2,1.98,Economy,Safe,97.1,34.2,Low,98.1,0.6,117.6,3.64,-1.69
240,14:08:02,03:33.0,74.73,74.7,63.88,229.6,25.5,25.0,Soft,E. GUERRIERI,No,,29.09,29.18,28.76,29.16,106.3,101.7,81.7,100.0,89.7,106.3,96.3,80.5,96.3,106.5,82.0,89.6,0.8,7.2,7.3,9.1,757.3,552.1,104.0,79.4,60.0,108.4,89.3,2.09,Aggressive,Race,49.3,47.4,Low,59.2,40.3,37.3,2.9,1.14
241,14:11:35,03:33.0,74.55,74.59,63.87,234.6,25.4,22.5,Soft,E. GUERRIERI,No,,29.47,29.49,28.55,28.9,95.8,108.8,92.2,94.7,90.3,84.7,101.5,102.4,103.5,96.0,97.2,95.3,4.8,3.2,7.9,0.7,773.3,461.4,105.7,77.1,59.8,93.4,96.7,1.94,Aggressive,Safe,91.6,40.2,Medium,41.5,71.7,-168.0,1.61,1.48
242,14:15:06,03:30.0,73.53,73.99,63.09,229.5,25.2,20.0,Soft,E. GUERRIERI,No,,29.47,29.2,29.99,29.42,91.9,90.5,97.1,90.8,88.4,99.3,88.1,100.5,89.6,102.8,97.5,102.6,9.8,6.0,9.8,0.7,593.6,465.5,98.2,87.5,61.7,90.4,87.7,1.86,Economy,Quali,39.3,49.6,High,22.5,30.3,-168.0,-3.8,0.74
243,14:18:39,03:33.0,74.62,74.63,63.9,234.7,25.1,17.5,Soft,E. GUERRIERI,No,,29.71,30.24,29.91,29.22,85.2,81.6,89.5,109.8,103.4,107.6,102.5,105.8,84.8,95.9,94.1,102.3,3.1,5.2,4.0,0.3,509.1,474.0,100.9,75.2,56.3,102.2,101.4,1.93,Aggressive,Race,26.4,35.3,High,24.3,35.2,154.1,-2.01,-1.05
244,14:22:11,03:32.0,74.27,74.26,63.66,230.0,25.0,15.0,Soft,E. GUERRIERI,No,,29.4,30.02,29.61,29.78,94.0,90.0,97.6,90.5,91.6,85.5,85.1,107.0,87.1,93.5,94.0,93.5,8.1,4.8,8.6,6.8,536.7,485.0,86.6,80.5,55.8,106.2,99.1,1.88,Balanced,Race,58.7,46.4,Medium,95.8,30.6,3.0,4.96,1.9
245,14:25:43,03:32.0,74.66,74.15,63.57,232.9,25.0,12.5,Soft,E. GUERRIERI,No,,29.12,30.08,28.85,29.97,81.4,87.8,101.1,87.3,81.2,103.0,89.8,90.0,97.6,109.5,87.2,82.1,1.1,4.2,9.9,9.0,467.8,428.5,89.0,60.7,56.6,98.6,99.9,2.19,Balanced,Race,53.6,46.8,Low,93.2,63.5,-2.1,-1.23,-0.22
246,14:29:16,03:33.0,74.5,74.58,64.03,234.4,25.0,10.0,Soft,E. GUERRIERI,No,,30.16,30.25,29.63,28.89,82.0,104.1,90.8,92.7,103.6,107.7,104.1,102.6,81.9,96.4,104.2,84.1,3.6,4.2,8.4,1.4,745.4,686.1,88.0,86.8,61.8,97.3,102.9,2.13,Balanced,Race,32.0,44.2,Low,38.9,30.6,5.7,-4.98,0.33
247,14:32:48,03:32.0,74.12,74.2,63.78,231.5,25.0,7.5,Soft,E. GUERRIERI,No,,29.57,30.37,29.54,29.46,103.3,106.8,81.9,106.0,95.2,83.1,105.5,107.2,85.0,84.9,103.2,94.3,7.4,7.0,6.9,4.8,618.5,629.7,106.9,88.0,58.9,108.1,96.2,2.03,Aggressive,Race,67.2,33.1,Medium,79.4,44.6,-15.8,1.87,-0.08
248,14:36:20,03:31.0,73.9,73.99,63.61,234.3,25.0,5.0,Soft,E. GUERRIERI,No,,29.43,29.76,29.67,29.67,107.4,80.6,88.0,85.0,84.8,102.2,96.0,88.8,97.0,81.1,108.8,95.1,7.9,0.6,7.3,7.8,538.7,660.1,83.5,77.5,60.2,105.1,102.1,2.17,Aggressive,Race,78.6,39.0,High,96.9,3.5,-163.0,2.49,-0.9
249,14:39:53,03:33.0,74.67,74.46,63.97,231.8,25.0,2.5,Soft,E. GUERRIERI,No,,30.27,30.03,29.01,29.28,105.7,93.8,98.9,109.9,92.3,93.6,101.8,87.0,94.7,83.9,96.6,83.6,6.4,4.3,4.8,8.2,622.3,540.9,90.7,80.6,59.1,90.6,85.1,1.8,Economy,Safe,44.3,46.5,High,36.3,89.6,-24.6,-1.25,1.51
250,14:43:25,03:31.0,74.06,74.18,63.56,233.7,25.0,0.0,Soft,E. GUERRIERI,No,,30.12,29.13,29.53,29.82,81.1,88.4,103.1,106.8,94.6,93.3,85.7,107.6,82.3,98.8,109.1,88.2,2.2,3.5,6.0,6.0,658.9,455.5,106.0,71.1,62.6,95.7,86.7,2.08,Balanced,Quali,70.6,32.1,Medium,4.2,71.9,146.6,-1.14,0.97
251,14:46:58,03:33.0,74.7,74.66,63.71,236.0,25.0,0.0,Soft,E. GUERRIERI,No,,29.38,29.13,29.95,29.94,80.1,81.9,101.9,96.1,108.1,100.5,83.0,96.4,92.9,94.3,91.2,109.0,6.8,9.9,6.3,5.9,540.8,656.4,103.1,63.7,56.5,107.6,85.7,1.99,Balanced,Safe,52.9,37.2,High,28.3,96.6,-113.9,0.05,-1.32
252,14:50:31,03:32.0,74.68,74.37,63.76,231.3,25.0,0.0,Soft,E. GUERRIERI,No,,30.07,29.06,29.41,29.24,80.2,95.0,100.0,104.2,92.5,83.4,81.6,95.9,107.6,107.0,97.3,94.8,0.6,4.2,0.2,3.6,656.7,403.3,84.6,69.4,59.4,90.2,88.3,1.87,Economy,Quali,95.2,45.4,High,43.8,13.5,-28.8,-3.88,-1.64
253,14:54:03,03:31.0,74.08,74.2,63.53,232.6,25.0,0.0,Soft,E. GUERRIERI,No,,30.42,29.16,28.52,28.71,82.0,93.9,90.2,104.0,102.1,101.6,108.4,109.3,106.5,89.8,108.5,100.0,0.9,5.0,7.4,6.0,457.1,410.4,104.8,86.1,57.2,109.0,89.1,2.15,Aggressive,Safe,86.7,40.7,High,16.6,45.9,-34.4,-4.34,-0.64
254,14:57:33,03:30.0,73.71,73.64,63.44,233.8,25.0,0.0,Soft,E. GUERRIERI,No,,29.8,30.39,29.07,29.29,99.9,90.6,101.5,102.9,99.7,83.7,99.8,105.0,80.8,93.2,103.3,86.1,9.2,8.6,1.1,4.5,713.3,408.9,87.5,80.5,56.6,95.9,85.2,2.11,Balanced,Quali,55.2,35.7,Low,65.4,76.8,97.8,-3.69,-0.31
255,15:01:05,03:32.0,74.33,74.11,63.58,235.0,25.0,0.0,Soft,E. GUERRIERI,No,,29.27,30.3,29.98,29.06,85.4,90.5,102.5,98.9,94.5,97.8,105.1,100.3,93.9,104.2,97.7,91.9,7.2,8.1,7.9,2.5,758.1,625.2,94.0,61.5,58.3,94.4,102.1,1.91,Aggressive,Safe,59.0,48.5,Low,49.9,78.4,-80.1,-4.74,-1.89
256,15:04:36,03:30.0,73.63,73.98,63.22,231.0,25.0,0.0,Soft,E. GUERRIERI,No,,29.76,29.11,28.69,28.69,109.6,100.7,94.6,98.9,109.1,85.1,99.4,96.8,98.8,102.8,87.4,94.8,5.4,5.0,1.9,3.7,741.2,352.5,93.9,64.8,57.5,103.5,103.8,1.96,Aggressive,Race,64.0,46.2,Medium,90.1,19.4,-139.5,3.54,-0.51
257,15:08:08,03:31.0,74.06,74.09,63.24,232.8,25.0,0.0,Soft,E. GUERRIERI,No,,30.0,30.48,29.51,28.63,97.1,102.3,103.0,90.5,107.2,106.1,85.0,109.9,81.3,97.9,85.6,106.9,9.1,8.4,4.2,3.1,691.8,361.3,86.4,76.9,55.0,105.5,86.5,2.06,Aggressive,Race,30.1,43.2,High,71.1,7.1,72.2,-3.85,0.94
258,15:11:39,03:31.0,74.14,74.25,63.37,234.3,25.0,0.0,Soft,E. GUERRIERI,No,,29.17,29.96,29.55,28.65,103.2,100.5,95.8,101.1,100.3,86.3,86.0,108.3,80.7,99.6,82.3,88.8,9.4,8.8,7.9,0.7,447.4,356.8,95.3,87.8,63.4,104.6,90.5,2.03,Economy,Quali,44.6,35.9,Medium,71.8,72.8,148.2,-3.9,1.62
259,15:15:11,03:31.0,73.86,74.26,63.35,229.5,25.0,0.0,Soft,E. GUERRIERI,No,,29.2,29.5,29.12,29.57,109.0,108.0,107.4,105.9,96.4,89.2,95.4,88.0,89.7,95.7,97.2,87.9,5.6,4.9,0.5,3.6,468.3,367.0,90.4,81.2,58.1,100.4,101.5,1.86,Aggressive,Race,40.3,39.8,Medium,1.1,54.2,-55.0,-1.18,0.01
260,15:18:42,03:31.0,73.86,74.08,63.65,234.1,25.0,0.0,Soft,E. GUERRIERI,No,,29.4,29.76,29.95,29.0,86.0,108.2,103.4,107.6,102.4,81.6,100.4,94.4,88.0,103.8,109.1,87.8,1.0,6.8,1.5,0.3,484.2,376.5,95.9,88.7,63.9,94.0,90.1,2.02,Aggressive,Race,59.7,45.5,Low,3.5,13.6,-144.3,-4.95,-1.89
261,15:22:15,03:32.0,74.36,74.41,63.93,229.9,25.0,0.0,Soft,E. GUERRIERI,No,,29.74,30.22,29.91,29.33,98.4,100.2,97.6,80.5,84.4,89.9,109.4,96.2,86.2,93.2,93.0,95.9,4.7,3.4,3.7,1.2,791.9,505.0,106.2,64.7,61.7,103.1,94.0,1.81,Aggressive,Quali,68.1,41.4,Medium,41.6,8.9,85.2,-0.66,1.17
262,15:25:48,03:33.0,74.59,74.67,63.79,231.0,25.0,0.0,Soft,E. GUERRIERI,No,,29.21,30.08,29.25,29.31,108.5,99.4,96.1,85.3,93.8,92.6,92.6,96.8,82.2,109.3,88.9,89.3,6.9,4.3,2.4,7.5,540.0,641.9,82.5,82.6,60.2,106.2,91.6,2.05,Balanced,Race,65.2,36.4,Medium,96.1,62.7,-5.8,-1.69,-1.81
263,15:29:19,03:31.0,73.67,74.11,63.46,233.7,25.0,0.0,Soft,E. GUERRIERI,No,,30.4,29.37,29.51,29.72,90.5,100.7,102.7,106.4,92.1,99.1,86.4,102.4,106.0,109.3,108.1,94.5,7.4,8.4,9.1,1.8,667.1,345.5,90.0,68.4,62.0,107.5,85.6,1.97,Aggressive,Safe,74.1,41.8,Low,29.2,63.8,-52.0,2.57,-1.68
264,15:32:52,03:32.0,74.37,74.51,63.58,229.9,25.0,0.0,Soft,E. GUERRIERI,No,,29.23,29.79,28.71,28.52,96.4,85.6,104.5,98.0,90.8,109.0,81.1,83.4,97.5,94.7,92.9,95.9,3.5,0.2,5.8,1.2,586.7,487.7,104.2,76.5,56.5,100.0,102.7,2.1,Balanced,Safe,90.4,37.9,Low,8.3,86.3,163.1,-0.76,-1.62
265,15:36:23,03:31.0,73.99,73.78,63.43,232.5,25.0,0.0,Soft,E. GUERRIERI,No,,29.7,29.94,29.3,28.91,101.4,92.2,82.2,93.3,80.2,80.9,103.0,86.4,104.7,105.9,84.9,88.0,5.2,3.3,0.5,9.2,552.1,397.4,87.7,74.3,58.4,94.0,104.1,1.94,Balanced,Safe,91.5,31.2,Low,29.2,37.6,-130.5,-4.09,1.0
266,15:39:55,03:32.0,74.11,74.21,63.85,231.2,25.0,0.0,Soft,E. GUERRIERI,No,,29.58,30.08,29.78,29.89,80.4,85.0,80.8,90.8,98.8,83.6,89.1,91.6,86.9,93.7,103.2,102.4,2.7,8.7,4.5,5.9,476.0,391.3,104.6,64.7,56.6,91.6,103.5,1.85,Balanced,Quali,35.5,40.5,High,33.6,57.9,12.9,3.26,0.82
267,15:43:26,03:30.0,73.84,73.69,63.05,232.6,25.0,0.0,Soft,E. GUERRIERI,No,,30.5,29.26,28.77,29.45,81.7,84.1,99.3,101.9,85.7,94.4,97.1,104.5,87.9,84.1,95.4,108.7,7.4,7.4,1.8,0.9,462.4,541.0,103.8,80.4,64.5,95.9,96.0,1.91,Economy,Quali,99.7,32.8,High,94.2,61.1,91.1,1.75,0.77
268,15:46:57,03:31.0,73.92,74.1,63.44,229.1,25.0,0.0,Soft,E. GUERRIERI,No,,29.52,30.31,29.69,29.63,103.6,94.4,95.2,85.9,107.1,86.9,90.0,85.1,108.7,94.7,86.1,89.1,8.2,8.7,0.1,1.9,660.7,340.2,104.7,69.5,60.2,98.9,101.1,2.06,Balanced,Quali,65.3,37.6,Medium,59.5,73.6,178.0,-2.78,0.68
269,15:50:30,03:32.0,74.19,74.22,63.88,230.0,25.0,0.0,Soft,E. GUERRIERI,No,,29.56,29.47,29.64,29.81,103.9,106.2,96.5,95.4,91.6,85.2,109.4,107.1,82.0,95.0,93.2,106.1,7.2,8.9,7.7,0.9,600.0,381.2,105.6,62.4,60.9,93.0,87.1,2.0,Economy,Race,42.2,30.8,High,97.3,93.1,-39.0,-2.79,-0.07
270,15:54:01,03:31.0,74.02,74.08,63.41,233.7,30.0,100.0,Hard,T. VAUTIER,Yes,67.0,29.04,29.43,29.5,29.16,88.3,81.9,84.6,80.9,93.7,85.0,95.4,101.9,105.9,101.4,91.4,92.3,6.9,1.4,0.2,6.1,695.0,603.4,98.9,88.0,64.6,94.7,88.7,1.81,Aggressive,Quali,96.6,49.2,Medium,2.8,96.7,-31.5,2.18,-0.53
271,15:57:32,03:30.0,73.88,73.67,63.05,231.8,29.9,97.5,Hard,T. VAUTIER,No,,29.29,29.51,29.5,28.64,89.3,92.2,81.1,84.6,88.0,87.3,88.6,105.9,86.3,82.6,98.9,106.2,2.7,8.9,7.3,6.6,668.3,327.5,84.2,63.0,55.5,90.3,99.9,2.03,Balanced,Quali,41.0,46.3,Medium,31.4,59.9,81.1,2.3,-1.06
272,16:01:04,03:31.0,74.24,74.05,63.58,233.5,29.7,95.0,Hard,T. VAUTIER,No,,30.25,29.83,29.02,29.68,82.7,106.2,83.4,81.2,97.7,82.9,96.4,109.0,93.7,82.8,86.5,108.9,8.0,6.3,1.5,6.7,431.0,614.3,93.3,61.1,64.5,109.5,89.8,1.96,Aggressive,Quali,84.2,49.6,Medium,89.8,93.4,137.7,1.04,-0.63
273,16:04:36,03:32.0,74.56,74.2,63.85,235.5,29.6,92.5,Hard,T. VAUTIER,No,,29.39,29.51,29.43,29.37,107.4,109.6,102.8,103.3,90.5,91.8,97.1,105.2,100.8,92.2,90.7,81.7,2.8,6.3,4.2,2.6,401.4,406.8,90.2,70.6,57.7,93.0,92.6,2.18,Balanced,Safe,82.6,40.5,Medium,24.9,76.8,132.5,3.64,0.11
274,16:08:08,03:31.0,74.15,73.83,63.44,234.9,29.4,90.0,Hard,T. VAUTIER,No,,29.57,30.02,29.16,29.03,84.7,97.4,91.3,100.6,100.6,93.2,95.6,101.8,108.1,100.0,97.5,83.6,9.5,1.7,8.8,4.0,725.6,658.7,104.6,85.4,60.9,102.3,100.8,1.89,Economy,Race,40.9,32.6,Medium,60.3,93.5,129.9,-0.3,1.94
275,16:11:41,03:33.0,74.76,74.49,63.95,233.7,29.3,87.5,Hard,T. VAUTIER,No,,29.08,29.03,29.64,29.2,109.4,85.1,106.7,82.4,95.5,81.1,106.8,101.2,87.6,97.3,94.6,85.7,2.8,2.2,1.7,7.6,799.6,513.9,83.6,67.1,56.5,94.3,89.2,2.12,Aggressive,Quali,28.0,30.1,High,67.6,90.7,146.3,4.36,1.07
276,16:15:14,03:32.0,74.54,74.54,63.83,234.1,29.1,85.0,Hard,T. VAUTIER,No,,29.42,29.42,29.0,29.09,109.6,109.4,93.8,107.3,98.4,93.3,102.4,88.4,92.2,105.9,93.2,106.7,9.0,0.3,1.3,5.0,659.1,465.0,83.3,62.1,59.5,91.5,87.7,1.98,Economy,Race,36.2,37.3,Medium,5.5,14.0,-150.1,-1.14,0.77
277,16:18:47,03:33.0,74.55,74.63,64.2,233.6,29.0,82.5,Hard,T. VAUTIER,No,,30.02,29.09,29.05,29.56,97.1,101.9,87.2,106.4,101.1,107.0,106.3,93.5,86.1,87.8,86.3,109.7,4.7,1.9,4.0,1.5,527.1,622.5,102.0,84.1,57.3,108.5,86.4,2.07,Economy,Quali,96.4,47.7,Medium,87.4,83.4,28.5,-4.69,-1.01
278,16:22:18,03:30.0,73.77,73.68,63.11,230.2,28.8,80.0,Hard,T. VAUTIER,No,,29.46,29.26,29.32,29.25,101.4,102.4,95.2,93.4,84.2,106.0,98.6,88.8,88.2,83.1,98.5,86.6,6.5,3.0,7.6,8.9,760.2,694.5,99.4,83.6,59.0,108.5,104.5,1.97,Economy,Quali,37.3,38.1,Medium,85.2,27.4,-153.4,-0.55,-1.61
279,16:25:49,03:31.0,74.15,73.67,63.26,234.6,28.7,77.5,Hard,T. VAUTIER,No,,29.23,29.83,29.2,29.31,104.5,88.7,80.0,93.3,81.7,96.9,88.1,99.4,91.0,108.0,88.2,91.3,1.1,3.7,8.0,5.5,504.2,518.0,99.7,64.3,56.4,104.9,99.1,2.11,Aggressive,Quali,44.5,36.2,High,12.7,45.9,93.5,-4.28,-0.78
280,16:29:19,03:30.0,73.55,73.61,63.38,234.4,28.5,75.0,Hard,T. VAUTIER,No,,29.35,29.58,29.35,29.51,85.9,93.7,99.9,93.2,85.1,85.2,103.5,84.8,92.8,84.7,101.0,81.3,9.7,6.3,5.8,9.5,422.6,549.3,95.5,77.4,61.5,91.6,102.6,2.18,Economy,Safe,75.6,33.5,Medium,10.4,58.5,-23.6,1.64,1.31
281,16:32:52,03:32.0,74.43,74.57,63.93,231.4,28.4,72.5,Hard,T. VAUTIER,No,,29.01,29.42,29.15,28.87,97.7,85.9,93.7,81.0,101.1,85.3,108.7,100.9,85.9,98.7,96.2,90.7,4.2,5.8,3.3,0.7,503.3,391.0,95.7,60.0,61.0,107.0,101.6,1.95,Aggressive,Race,86.6,36.4,High,32.0,45.7,1.3,1.51,1.96
282,16:36:24,03:32.0,74.35,74.39,63.45,232.5,28.2,70.0,Hard,T. VAUTIER,No,,30.3,29.55,28.52,28.71,99.7,87.9,83.0,105.7,109.4,101.4,90.7,90.7,100.7,93.4,96.7,80.2,9.8,7.1,1.4,2.5,655.7,561.5,92.2,64.2,58.0,98.7,102.2,2.08,Economy,Quali,39.2,44.4,High,33.7,13.4,92.9,1.31,0.47
283,16:39:57,03:32.0,74.64,74.31,63.83,235.4,28.1,67.5,Hard,T. VAUTIER,No,,29.56,29.51,29.23,29.37,93.6,100.2,83.0,103.2,93.8,91.4,96.8,101.6,83.1,103.7,110.0,94.8,0.5,9.8,7.6,1.7,519.9,481.9,95.6,69.2,61.7,109.8,95.6,1.85,Economy,Race,97.2,34.0,High,67.4,51.7,157.0,-2.74,-0.8
284,16:43:29,03:31.0,74.04,73.92,63.54,235.4,27.9,65.0,Hard,T. VAUTIER,No,,29.52,30.11,28.52,29.84,86.6,106.4,102.9,101.3,92.6,88.1,108.6,92.8,86.6,104.5,108.5,98.4,9.0,4.0,1.3,0.8,558.1,388.0,90.4,81.5,64.9,98.5,86.0,2.14,Economy,Quali,73.5,33.6,Low,10.5,46.3,38.1,-0.69,1.27
285,16:47:00,03:31.0,74.04,73.97,63.44,234.0,27.8,62.5,Hard,T. VAUTIER,No,,29.9,30.01,29.36,29.69,109.3,92.0,90.1,82.9,98.3,109.8,82.7,83.5,101.8,85.6,84.1,91.5,7.2,5.8,8.5,7.8,481.5,513.7,83.5,68.6,62.6,107.5,89.8,2.01,Aggressive,Quali,38.9,46.2,Medium,88.5,1.0,-18.4,2.0,-0.66
286,16:50:31,03:30.0,73.88,73.93,63.02,234.8,27.6,60.0,Hard,T. VAUTIER,No,,29.25,30.46,29.82,29.1,88.6,105.9,83.5,95.6,80.2,86.2,101.9,84.9,82.6,92.8,89.9,80.7,1.4,7.7,7.9,9.6,422.2,318.5,105.7,79.0,64.0,94.0,95.3,2.07,Balanced,Safe,46.9,49.2,Medium,10.0,40.6,134.4,4.29,-1.24
287,16:54:03,03:31.0,74.15,74.03,63.6,229.0,27.5,57.5,Hard,T. VAUTIER,No,,30.05,29.62,28.52,29.72,87.0,109.6,100.5,104.8,89.9,92.4,85.0,95.2,92.2,83.3,104.2,90.0,2.6,7.8,9.7,3.6,527.9,616.3,106.4,74.2,58.4,105.9,92.6,2.02,Aggressive,Safe,43.2,42.8,Medium,94.6,72.4,-34.6,1.04,1.15
288,16:57:34,03:31.0,73.8,74.06,63.5,233.3,27.3,55.0,Hard,T. VAUTIER,No,,29.24,30.42,28.79,29.2,107.8,87.2,103.4,81.4,96.9,89.1,87.3,93.4,92.1,92.2,92.4,82.7,0.4,0.4,0.2,7.5,464.8,305.1,103.8,67.0,59.5,93.6,87.2,2.1,Aggressive,Race,82.6,47.9,Low,33.8,16.7,-13.1,0.46,0.26
289,17:01:06,03:32.0,74.36,74.24,63.55,231.9,27.2,52.5,Hard,T. VAUTIER,No,,30.08,29.32,28.97,29.85,88.1,85.1,87.6,97.3,100.1,102.1,84.1,91.3,97.1,86.1,100.8,107.3,6.4,1.5,7.7,4.0,572.3,571.5,92.2,70.9,63.7,102.1,97.9,1.92,Balanced,Safe,36.5,31.7,Medium,36.9,14.7,158.9,4.38,0.49
290,17:04:37,03:30.0,73.9,73.8,63.03,233.8,27.0,50.0,Hard,T. VAUTIER,No,,30.08,29.3,29.19,28.86,98.2,93.9,100.9,84.5,85.2,108.8,105.6,88.6,90.5,88.4,109.6,82.6,3.6,2.8,3.8,0.3,561.4,497.0,102.9,60.4,61.3,105.7,100.5,2.01,Balanced,Quali,26.1,36.4,Medium,3.0,61.5,-57.8,3.96,0.75
291,17:08:08,03:31.0,73.98,73.97,63.33,233.5,26.9,47.5,Hard,T. VAUTIER,No,,30.49,29.45,29.66,28.66,91.6,108.1,83.5,89.2,91.9,104.8,83.6,84.7,81.6,94.0,84.2,88.8,8.8,7.2,2.0,3.3,759.4,508.8,81.0,89.5,57.0,109.5,98.6,2.16,Economy,Race,46.7,36.4,High,22.5,3.5,-94.5,-3.95,-1.49
292,17:11:41,03:32.0,74.31,74.42,63.59,229.4,26.7,45.0,Hard,T. VAUTIER,No,,29.76,29.2,29.32,28.55,91.5,101.4,95.2,102.2,104.7,103.0,91.6,109.9,83.2,102.8,88.2,88.4,3.6,3.2,5.7,0.3,647.5,535.2,98.0,88.0,55.8,103.7,95.8,2.14,Economy,Race,31.0,49.3,Medium,5.5,75.9,138.7,4.41,-0.65
293,17:15:11,03:30.0,73.49,73.8,63.21,230.8,26.6,42.5,Hard,T. VAUTIER,No,,29.29,29.73,29.73,29.94,98.5,95.8,86.6,103.6,94.8,85.5,89.9,97.9,107.0,82.7,100.9,102.1,5.3,5.1,7.7,6.5,496.6,483.6,87.3,75.9,64.0,103.8,99.8,2.19,Economy,Safe,40.6,33.7,Medium,56.5,8.2,-1.0,-3.53,-0.79
294,17:18:42,03:30.0,74.07,73.52,63.06,230.3,26.4,40.0,Hard,T. VAUTIER,No,,29.66,29.81,29.9,29.62,86.3,101.2,97.7,95.1,84.2,102.8,103.6,105.0,95.1,87.3,108.2,84.7,9.7,6.0,7.8,8.9,580.8,300.4,86.4,80.0,55.8,97.4,95.9,2.17,Economy,Race,79.2,31.9,High,67.3,27.4,-57.9,-3.29,-1.75
295,17:22:15,03:32.0,74.54,74.6,63.68,232.7,26.3,37.5,Hard,T. VAUTIER,No,,29.46,30.37,29.33,29.43,89.2,105.4,108.2,88.8,86.3,82.3,107.0,96.7,105.8,81.0,85.9,93.7,7.1,5.9,0.2,9.3,436.2,462.3,101.3,68.4,59.1,103.1,87.8,2.03,Economy,Quali,47.7,47.0,Low,6.5,60.9,158.3,-1.86,-0.06
296,17:25:46,03:31.0,74.12,73.82,63.25,235.8,26.1,35.0,Hard,T. VAUTIER,No,,29.48,30.18,29.09,29.98,85.4,83.7,105.3,102.6,105.2,80.2,81.7,106.5,106.4,92.7,97.2,101.2,3.2,3.2,6.9,1.3,791.7,619.2,90.1,87.4,55.9,102.0,85.8,1.82,Economy,Safe,72.6,30.9,High,82.1,58.4,58.3,3.1,1.13
297,17:29:18,03:32.0,74.11,74.28,63.78,229.3,26.0,32.5,Hard,T. VAUTIER,No,,30.23,29.48,29.91,29.69,90.0,101.8,91.5,83.0,105.0,103.0,108.6,84.5,92.3,85.4,105.3,104.5,9.4,5.0,3.4,0.3,404.3,690.9,103.9,72.7,58.9,103.7,89.0,2.07,Balanced,Race,94.0,32.0,Medium,34.4,61.3,-87.4,-1.71,0.66
298,17:32:51,03:32.0,74.43,74.63,63.59,235.1,25.8,30.0,Hard,T. VAUTIER,No,,29.38,29.95,29.44,29.02,94.2,108.4,96.9,105.8,104.9,107.4,101.1,105.6,102.3,98.0,98.7,106.2,8.7,3.4,9.2,5.5,467.1,350.9,82.0,88.1,63.0,97.8,101.7,1.85,Balanced,Quali,61.8,30.4,High,6.0,6.7,-157.3,0.56,0.89
299,17:36:21,03:30.0,73.79,73.8,63.14,230.4,25.7,27.5,Hard,T. VAUTIER,No,,30.2,29.93,29.4,29.89,80.7,84.7,100.4,87.5,97.4,99.5,91.2,100.0,103.5,91.3,98.5,90.4,7.7,3.7,7.1,7.6,498.2,420.2,80.5,61.0,59.8,92.6,85.8,1.92,Balanced,Quali,79.3,42.3,Low,92.1,37.3,-141.9,-1.45,1.06
300,17:39:54,03:33.0,74.4,74.75,63.95,232.2,25.5,25.0,Hard,T. VAUTIER,No,,29.24,29.85,28.82,29.84,80.8,98.1,92.1,83.4,87.5,108.7,84.5,82.3,103.6,82.5,82.0,87.7,9.4,7.1,2.1,9.5,452.8,352.0,103.9,69.9,59.4,102.4,94.8,1.9,Aggressive,Quali,20.3,39.3,Low,20.1,92.2,-98.5,-3.44,1.88
301,17:43:26,03:31.0,73.87,74.23,63.54,230.7,25.4,22.5,Hard,T. VAUTIER,No,,30.1,29.27,28.93,29.77,91.8,90.5,97.6,93.9,108.9,98.8,104.9,100.1,105.8,81.9,84.4,96.1,7.4,2.2,0.8,2.2,668.2,342.9,82.4,88.7,55.7,106.0,102.8,2.17,Economy,Race,62.2,30.9,High,66.6,10.0,-64.7,-0.85,-0.74
302,17:46:59,03:33.0,74.74,74.4,64.14,230.9,25.2,20.0,Hard,T. VAUTIER,No,,30.4,29.73,28.55,29.03,106.3,108.9,82.4,89.0,91.4,80.1,92.2,80.2,106.2,96.8,86.2,87.5,6.2,6.4,9.2,8.7,673.7,567.1,100.6,86.4,64.0,101.1,99.9,2.13,Economy,Quali,43.7,40.7,High,51.2,16.4,178.0,-3.53,-1.13
303,17:50:31,03:31.0,73.79,73.91,63.56,231.9,25.1,17.5,Hard,T. VAUTIER,No,,30.47,29.65,29.49,28.55,102.7,86.8,103.8,90.6,91.8,101.9,89.1,109.4,99.9,108.1,84.0,80.6,0.8,2.4,4.5,2.3,464.2,434.1,101.0,68.5,59.1,91.1,97.7,1.81,Aggressive,Safe,33.3,33.9,Medium,12.5,38.1,-138.4,-3.45,1.67
304,17:54:04,03:33.0,74.81,74.41,64.02,235.6,25.0,15.0,Hard,T. VAUTIER,No,,29.07,29.32,28.5,29.85,105.8,91.3,80.1,91.3,103.3,94.6,94.1,97.2,84.7,93.8,96.4,89.2,3.8,8.3,2.0,5.4,667.3,531.4,91.8,81.0,58.9,101.4,99.5,2.08,Economy,Quali,54.2,34.9,Low,42.6,71.1,-86.0,-2.24,-0.69
305,17:57:36,03:32.0,74.04,74.5,63.46,229.9,25.0,12.5,Hard,T. VAUTIER,No,,29.68,29.23,28.94,29.17,95.6,84.0,93.8,105.1,83.5,98.6,99.0,94.7,89.1,102.9,102.2,82.7,8.8,3.2,6.2,0.8,524.6,637.0,94.1,76.4,63.9,107.2,86.1,2.17,Aggressive,Quali,59.2,34.1,Medium,89.1,22.1,-12.0,-0.91,-1.05
306,18:01:08,03:32.0,74.41,74.35,63.75,229.0,25.0,10.0,Hard,T. VAUTIER,No,,30.26,29.66,29.7,29.07,103.8,101.0,86.6,90.1,102.1,85.5,86.2,94.0,87.7,95.8,83.8,96.7,6.3,4.6,7.6,3.4,419.1,445.5,80.1,78.7,57.4,108.6,100.1,2.2,Aggressive,Quali,60.8,32.3,High,47.6,43.8,-78.3,0.49,-1.23
307,18:04:39,03:30.0,73.54,73.83,63.18,231.1,25.0,7.5,Hard,T. VAUTIER,No,,29.99,29.22,29.57,29.09,104.9,81.4,86.0,102.8,85.2,92.4,107.6,89.5,102.3,107.9,91.2,84.6,5.7,7.6,4.8,7.0,442.3,339.9,82.6,63.4,57.1,91.0,88.3,1.88,Balanced,Safe,98.5,42.9,Low,59.8,32.2,-9.5,2.16,-0.02
308,18:08:12,03:33.0,74.85,74.45,63.88,236.0,25.0,5.0,Hard,T. VAUTIER,No,,30.46,30.19,29.52,29.02,104.3,100.0,86.7,105.3,84.9,93.5,85.9,105.4,100.2,109.0,98.0,81.6,5.0,1.8,5.3,5.0,780.8,327.9,83.2,64.2,60.4,99.4,97.9,1.96,Economy,Quali,50.9,46.4,High,81.7,22.0,154.3,0.89,0.2
309,18:11:44,03:31.0,74.22,73.84,63.58,232.5,25.0,2.5,Hard,T. VAUTIER,No,,29.42,30.4,29.12,28.55,99.0,106.3,82.2,102.0,89.4,109.4,82.1,99.3,99.1,90.2,94.1,95.6,0.2,6.5,6.7,5.1,704.9,347.3,86.6,84.3,64.8,108.2,93.1,1.86,Balanced,Race,54.2,42.5,High,65.6,58.0,-95.7,4.47,0.85
310,18:15:17,03:33.0,74.4,74.86,64.02,229.9,30.0,100.0,Medium,T. DILLMANN,Yes,59.0,30.05,29.44,29.66,29.87,80.2,105.0,97.2,106.3,81.9,81.9,97.2,102.7,104.6,97.4,80.5,103.9,3.9,0.0,6.4,4.6,781.4,335.9,106.0,86.3,64.8,91.9,100.1,1.84,Economy,Race,99.3,49.4,High,16.0,20.7,38.2,1.76,-1.1
311,18:18:50,03:33.0,74.59,74.89,63.97,233.7,29.9,97.5,Medium,T. DILLMANN,No,,29.42,30.34,29.29,28.89,102.6,103.7,103.0,87.0,85.3,107.8,103.5,96.1,101.4,104.0,99.7,106.7,2.9,8.3,8.8,7.6,508.0,365.2,83.0,62.2,60.4,108.4,94.5,2.07,Balanced,Race,58.9,44.8,Low,59.1,72.4,-141.7,-2.85,-0.84
312,18:22:24,03:33.0,74.6,74.9,63.96,234.4,29.7,95.0,Medium,T. DILLMANN,No,,30.37,30.05,28.63,29.35,102.2,103.1,88.2,97.0,86.2,101.6,96.9,81.0,88.7,98.1,94.6,85.6,2.7,5.5,0.8,4.5,706.3,420.0,92.0,75.3,63.5,91.8,85.6,1.95,Economy,Race,95.7,35.5,Medium,16.1,32.8,-119.5,2.27,-1.4
313,18:25:57,03:33.0,74.68,74.7,63.76,229.9,29.6,92.5,Medium,T. DILLMANN,No,,29.36,29.91,29.38,28.81,87.4,86.2,108.9,103.5,106.7,98.2,87.3,97.4,107.1,108.6,101.7,106.0,9.8,9.8,8.9,8.7,621.3,472.1,88.4,63.2,60.9,94.0,89.8,1.87,Aggressive,Safe,97.3,46.3,Low,7.6,66.2,90.3,2.05,1.05
314,18:29:28,03:30.0,73.72,73.61,63.26,230.5,29.4,90.0,Medium,T. DILLMANN,No,,30.1,29.09,29.77,29.87,109.7,89.3,94.3,82.9,80.3,94.3,87.7,98.3,96.2,88.7,90.5,107.1,7.8,5.4,2.8,9.6,606.2,566.5,91.3,63.9,61.4,98.5,93.0,1.97,Aggressive,Safe,51.8,47.4,High,74.2,86.0,141.2,4.44,-0.5
315,18:33:00,03:32.0,74.37,74.15,63.64,233.4,29.3,87.5,Medium,T. DILLMANN,No,,29.75,30.09,29.64,29.15,99.9,94.2,86.6,81.2,107.8,94.1,102.8,83.4,95.5,86.1,107.9,107.4,2.2,6.5,9.8,0.6,477.9,694.1,105.6,86.5,62.5,100.3,95.2,2.18,Aggressive,Quali,56.2,39.7,Medium,4.7,69.0,176.1,1.24,1.66
316,18:36:31,03:31.0,73.87,74.17,63.46,229.7,29.1,85.0,Medium,T. DILLMANN,No,,29.65,30.07,28.78,28.86,99.8,102.9,85.0,85.5,97.5,87.3,100.0,107.3,106.4,101.8,82.0,81.4,7.7,6.3,2.2,4.2,547.5,604.9,96.0,60.2,57.0,90.1,86.3,2.1,Aggressive,Race,86.2,30.1,Low,50.2,3.2,-27.8,-2.74,1.56
317,18:40:03,03:32.0,74.12,74.23,63.83,235.5,29.0,82.5,Medium,T. DILLMANN,No,,30.44,29.54,29.35,29.51,98.9,89.9,96.2,96.4,81.2,91.8,98.4,84.2,90.1,93.3,94.2,86.8,7.4,5.5,9.1,7.4,773.1,465.5,104.0,63.7,63.5,109.0,86.1,2.01,Aggressive,Safe,76.7,39.7,Low,82.2,67.1,137.2,4.67,0.38
318,18:43:36,03:33.0,74.56,74.52,63.94,232.0,28.8,80.0,Medium,T. DILLMANN,No,,29.19,29.37,28.62,28.89,89.4,107.6,107.9,107.9,98.1,100.9,90.5,109.1,90.9,85.1,89.7,96.3,4.7,7.7,3.4,9.4,551.9,518.5,90.6,84.4,55.9,98.1,97.5,1.94,Aggressive,Race,38.1,42.4,Medium,91.1,43.9,-78.4,-4.57,-0.18
319,18:47:07,03:30.0,73.98,73.68,63.25,233.0,28.7,77.5,Medium,T. DILLMANN,No,,29.07,30.12,28.99,29.2,104.1,97.1,83.3,100.6,84.6,99.9,99.9,92.3,86.6,88.7,83.6,103.2,4.2,4.7,8.8,3.7,783.1,487.3,106.9,88.4,56.2,100.5,93.1,1.93,Economy,Safe,47.2,49.3,Low,38.9,37.4,-55.1,2.77,0.16
320,18:50:40,03:32.0,74.25,74.38,63.75,229.4,28.5,75.0,Medium,T. DILLMANN,No,,29.33,29.46,29.42,29.39,91.2,98.8,95.0,107.4,103.3,82.7,107.7,101.5,85.5,92.3,84.1,80.9,3.5,8.9,0.9,6.7,501.1,476.4,97.3,85.4,56.0,105.8,94.5,2.1,Aggressive,Quali,30.8,30.1,Low,85.8,5.3,-100.8,1.78,0.21
321,18:54:13,03:32.0,74.63,74.57,63.69,235.0,28.4,72.5,Medium,T. DILLMANN,No,,29.33,29.13,29.67,29.86,102.9,92.7,81.1,87.5,97.5,95.0,109.5,109.1,86.6,80.3,97.0,102.1,3.9,5.8,8.5,1.9,475.2,676.0,84.6,60.5,59.3,91.8,101.1,2.01,Balanced,Race,38.8,38.4,Medium,60.2,76.9,36.4,-3.38,0.69
322,18:57:43,03:30.0,73.53,73.69,63.32,233.8,28.2,70.0,Medium,T. DILLMANN,No,,29.09,29.57,28.66,28.72,91.5,88.5,82.8,106.6,107.9,86.4,84.8,99.6,84.3,96.1,108.9,101.7,1.6,3.9,9.9,2.7,557.9,328.6,107.9,88.8,63.4,94.4,85.2,1.98,Aggressive,Race,52.5,37.7,Medium,13.4,43.9,4.0,4.72,0.34
323,19:01:16,03:32.0,74.36,74.61,63.97,235.4,28.1,67.5,Medium,T. DILLMANN,No,,30.22,30.01,28.78,29.62,99.2,97.3,81.2,89.4,103.2,95.0,102.7,85.3,93.6,105.0,101.2,89.7,8.2,7.8,6.7,2.5,499.1,322.1,84.2,80.2,57.8,96.9,88.0,1.82,Economy,Quali,27.8,37.7,High,89.3,82.7,39.7,1.45,-0.14
324,19:04:49,03:32.0,74.27,74.52,63.79,232.0,27.9,65.0,Medium,T. DILLMANN,No,,29.53,30.0,28.72,29.71,96.0,85.2,104.4,82.0,100.3,103.3,99.2,96.0,95.4,108.7,89.1,83.5,6.0,3.9,7.1,9.3,688.0,643.7,108.7,86.1,56.0,97.7,102.4,2.02,Economy,Quali,52.9,48.4,Medium,56.0,38.1,153.1,4.21,1.35
325,19:08:19,03:30.0,73.78,73.85,63.04,230.6,27.8,62.5,Medium,T. DILLMANN,No,,30.42,29.48,29.41,29.97,109.0,103.0,85.6,96.8,107.0,92.4,94.9,104.3,88.6,97.4,95.4,88.6,4.1,9.7,4.2,3.0,619.2,688.8,105.0,63.2,61.7,102.7,104.8,2.19,Aggressive,Quali,39.0,43.0,Medium,94.8,38.3,5.8,-0.13,1.86
326,19:11:51,03:32.0,74.41,74.13,63.5,229.6,27.6,60.0,Medium,T. DILLMANN,No,,30.35,30.44,29.95,29.86,86.8,82.0,92.3,97.6,99.9,90.8,93.4,98.6,107.4,102.2,96.7,101.6,1.2,4.6,9.6,6.5,489.8,595.0,83.9,76.4,60.1,102.5,99.6,1.9,Aggressive,Quali,32.6,40.8,High,87.0,65.0,-14.2,-4.53,-0.63
327,19:15:25,03:33.0,74.67,74.71,63.96,235.2,27.5,57.5,Medium,T. DILLMANN,No,,29.15,30.39,29.69,29.09,96.6,107.5,88.9,93.2,92.0,103.9,102.8,103.9,98.3,108.9,102.5,80.7,2.6,1.8,8.6,3.7,516.1,686.3,99.1,84.2,59.9,101.6,97.5,1.99,Economy,Quali,90.0,39.4,Low,44.6,15.1,-34.3,0.89,0.28
328,19:18:58,03:33.0,74.73,74.52,64.06,229.8,27.3,55.0,Medium,T. DILLMANN,No,,29.48,29.08,28.64,28.73,102.8,105.0,86.0,95.2,84.6,88.0,106.7,97.5,85.0,86.7,105.0,100.8,8.6,4.0,0.7,4.9,612.4,316.9,105.3,85.4,59.6,107.3,85.9,1.81,Aggressive,Quali,83.3,42.5,Low,72.4,73.2,-23.3,3.08,1.63
329,19:22:30,03:31.0,74.23,74.13,63.61,230.8,27.2,52.5,Medium,T. DILLMANN,No,,29.99,30.31,29.83,28.71,105.4,85.8,109.0,82.0,91.7,80.6,93.0,103.9,94.6,94.3,107.2,86.4,7.9,2.1,5.5,8.8,427.2,516.5,96.9,86.8,62.2,98.4,102.0,1.83,Economy,Safe,57.8,35.5,Medium,34.8,74.6,55.0,-1.78,-0.72
330,19:26:03,03:33.0,74.75,74.74,63.96,229.9,27.0,50.0,Medium,T. DILLMANN,No,,29.19,30.48,28.58,29.74,92.0,95.8,82.1,101.2,100.1,88.9,105.9,94.1,94.1,103.9,81.8,103.1,4.7,8.1,4.6,8.2,606.4,493.1,81.7,65.8,63.5,102.4,94.7,1.94,Balanced,Race,37.0,40.1,Low,66.9,94.0,-52.9,-1.85,0.53
331,19:29:36,03:32.0,74.66,74.49,63.75,233.1,26.9,47.5,Medium,T. DILLMANN,No,,29.76,29.49,29.19,29.67,87.7,97.1,96.2,93.6,93.1,96.6,109.4,93.2,88.2,99.8,86.5,84.9,4.3,3.4,6.7,7.7,508.7,339.2,103.3,73.5,57.4,104.2,96.0,1.99,Aggressive,Safe,67.5,32.4,High,57.1,85.7,-40.6,0.69,0.57
332,19:33:08,03:32.0,73.99,74.42,63.69,235.3,26.7,45.0,Medium,T. DILLMANN,No,,29.47,29.63,29.71,29.9,96.7,87.9,83.9,95.6,96.5,95.2,84.8,80.7,88.4,109.7,102.1,98.8,1.7,7.5,6.8,5.9,477.7,434.9,101.5,73.8,57.9,107.9,94.8,2.0,Aggressive,Quali,83.8,30.0,Low,96.8,44.3,-139.7,2.0,1.64
333,19:36:40,03:31.0,74.06,73.75,63.43,231.7,26.6,42.5,Medium,T. DILLMANN,No,,29.61,30.4,28.63,29.92,95.9,85.6,100.0,80.6,82.8,107.5,109.2,93.4,96.1,81.2,93.1,86.3,3.6,1.4,6.3,5.0,457.3,509.1,98.4,60.3,58.3,109.9,90.3,1.9,Economy,Quali,65.9,33.0,High,2.7,97.9,-132.5,-3.72,-0.93
334,19:40:13,03:33.0,74.85,74.78,63.77,233.7,26.4,40.0,Medium,T. DILLMANN,No,,30.37,29.31,28.98,29.98,90.9,106.2,100.1,90.0,109.2,90.9,87.5,98.8,109.1,102.7,95.2,82.2,8.7,8.8,8.4,6.1,454.2,489.0,87.2,72.4,62.6,99.7,85.1,1.93,Aggressive,Race,53.6,46.5,Low,90.8,78.4,-150.2,-1.14,1.58
335,19:43:46,03:32.0,74.61,74.41,63.77,233.9,26.3,37.5,Medium,T. DILLMANN,No,,29.19,29.85,29.85,28.85,97.2,106.6,106.0,98.0,82.7,106.5,85.7,84.0,81.4,88.4,94.7,94.3,8.0,0.1,1.6,4.0,557.2,418.4,94.0,71.0,58.1,109.1,99.7,1.99,Aggressive,Safe,67.4,31.1,Low,12.7,90.7,80.7,4.44,-0.54
336,19:47:18,03:32.0,74.51,74.39,63.56,233.2,26.1,35.0,Medium,T. DILLMANN,No,,30.24,29.25,28.53,28.98,95.1,85.3,95.1,89.7,94.4,93.8,82.5,106.1,88.8,82.6,99.0,99.3,3.2,6.7,6.9,9.5,424.2,486.1,92.7,83.2,55.2,102.4,101.7,2.17,Balanced,Quali,23.4,42.8,Low,10.3,38.5,-88.7,1.53,-1.41
337,19:50:50,03:31.0,74.23,73.75,63.48,232.0,26.0,32.5,Medium,T. DILLMANN,No,,29.84,30.21,29.42,29.38,106.8,82.3,102.3,84.2,108.0,93.7,106.6,86.0,103.7,87.2,96.1,106.8,6.6,1.8,4.1,9.9,596.7,512.1,109.3,72.2,59.1,91.7,87.7,2.13,Economy,Race,91.5,39.1,Medium,78.3,47.3,84.7,-4.13,0.13
338,19:54:21,03:30.0,73.97,73.83,63.1,231.4,25.8,30.0,Medium,T. DILLMANN,No,,30.0,29.28,29.0,29.45,103.9,101.2,83.7,85.8,87.1,85.5,93.0,91.3,86.0,87.5,94.3,94.7,9.6,0.1,0.3,6.4,638.2,413.4,107.0,79.5,55.7,96.0,105.0,1.89,Balanced,Quali,58.0,41.5,High,57.2,34.9,-149.8,-4.92,0.69
339,19:57:54,03:32.0,74.75,74.27,63.95,230.9,25.7,27.5,Medium,T. DILLMANN,No,,29.54,30.19,28.73,29.03,99.6,89.9,97.4,90.3,88.4,107.1,102.8,87.4,95.4,88.4,107.3,91.9,7.1,0.8,0.6,8.0,467.2,342.1,101.9,64.0,62.3,99.5,85.7,2.16,Aggressive,Race,45.2,33.4,High,63.4,6.4,-32.8,4.02,0.02
340,20:01:27,03:33.0,74.63,74.96,63.82,233.3,25.5,25.0,Medium,T. DILLMANN,No,,30.16,30.02,28.63,28.92,83.5,92.5,88.7,91.6,98.8,84.3,84.7,101.8,107.7,90.0,88.3,89.2,7.7,1.8,7.1,6.6,521.6,426.6,87.6,62.1,58.2,108.4,102.7,1.87,Aggressive,Quali,68.5,44.2,High,24.1,49.8,-93.4,-2.43,0.74
